id,code_ncaa,kaggle_team_id,school_ncaa,turner_name,league_name,league_alias,conf_name,conf_alias,conf_id,division_name,division_alias,division_id,venue_id
fe406882-9f22-495e-9df6-ef357a6803c6,554,1343,Princeton,Princeton University,NCAA MEN,NCAAM,Ivy,IVY,c2d16439-b791-4f9b-84d9-80cf457a0676,NCAA Division I,D1,c5a8d640-5093-4044-851d-2c562e929994,68db797a-0074-4717-a569-08e5fd091f0f
ca478771-aa3d-4231-81e0-b70f519134fb,813,1463,Yale,Yale University,NCAA MEN,NCAAM,Ivy,IVY,c2d16439-b791-4f9b-84d9-80cf457a0676,NCAA Division I,D1,c5a8d640-5093-4044-851d-2c562e929994,1a6fd393-b2fb-4210-8082-83e5bbc9d681
5c7bf63f-bc39-43c5-9907-73b50b7a6b34,275,1217,Harvard,Harvard University,NCAA MEN,NCAAM,Ivy,IVY,c2d16439-b791-4f9b-84d9-80cf457a0676,NCAA Division I,D1,c5a8d640-5093-4044-851d-2c562e929994,94de06b6-4ae7-4fd1-bbd0-67b03a720215
d60357bd-1205-42e9-9092-d986a2843a34,172,1171,Dartmouth,Dartmouth College,NCAA MEN,NCAAM,Ivy,IVY,c2d16439-b791-4f9b-84d9-80cf457a0676,NCAA Division I,D1,c5a8d640-5093-4044-851d-2c562e929994,b756945a-1b32-4148-a6ed-f2aea43afec9
88ff8c00-958e-4ccf-a21d-77fab9e93692,167,1165,Cornell,Cornell University,NCAA MEN,NCAAM,Ivy,IVY,c2d16439-b791-4f9b-84d9-80cf457a0676,NCAA Division I,D1,c5a8d640-5093-4044-851d-2c562e929994,548bbd5b-32e3-42ef-9095-6861af657296
ca74bd67-034c-4468-8487-6f983f5eb4f6,158,1162,Columbia,Columbia University-Barnard College,NCAA MEN,NCAAM,Ivy,IVY,c2d16439-b791-4f9b-84d9-80cf457a0676,NCAA Division I,D1,c5a8d640-5093-4044-851d-2c562e929994,e30178c1-fbfc-47e0-92f7-37855cb3a81b
558abf02-97f4-4323-aa99-63c076d35932,80,1135,Brown,Brown University,NCAA MEN,NCAAM,Ivy,IVY,c2d16439-b791-4f9b-84d9-80cf457a0676,NCAA Division I,D1,c5a8d640-5093-4044-851d-2c562e929994,470d3da0-a31f-4777-bf3d-1dddec3b3c8d
e6c94452-1adf-4fb9-90e5-10f165c57c5a,540,1335,Penn,University of Pennsylvania,NCAA MEN,NCAAM,Ivy,IVY,c2d16439-b791-4f9b-84d9-80cf457a0676,NCAA Division I,D1,c5a8d640-5093-4044-851d-2c562e929994,bc28056a-d3aa-4b45-b19e-24608db3a675
8ab00d43-840a-4c96-bdee-bf88fa6e3f11,521,1329,Oklahoma St.,Oklahoma State University,NCAA MEN,NCAAM,Big 12,BIG12,2853cf4d-6d62-4ec6-8e2c-d69f7a01a557,NCAA Division I,D1,c5a8d640-5093-4044-851d-2c562e929994,05b1ffbb-0b0c-4431-b454-e7d70462f5d1
6ed15092-2670-450a-99c2-61d861e87644,703,1400,Texas,University of Texas at Austin,NCAA MEN,NCAAM,Big 12,BIG12,2853cf4d-6d62-4ec6-8e2c-d69f7a01a557,NCAA Division I,D1,c5a8d640-5093-4044-851d-2c562e929994,3c6914ce-a224-4a6d-b742-3f18f7aeec64
f8c705b7-87d3-411a-9c8b-5124daab0469,700,1403,Texas Tech,Texas Tech University,NCAA MEN,NCAAM,Big 12,BIG12,2853cf4d-6d62-4ec6-8e2c-d69f7a01a557,NCAA Division I,D1,c5a8d640-5093-4044-851d-2c562e929994,23ab86a8-52a4-46ce-82df-cfc201520643
db6e1cab-3fa3-4a93-a673-8b2a358ff4bf,51,1124,Baylor,Baylor University,NCAA MEN,NCAAM,Big 12,BIG12,2853cf4d-6d62-4ec6-8e2c-d69f7a01a557,NCAA Division I,D1,c5a8d640-5093-4044-851d-2c562e929994,6caffcfc-78c8-45ce-a590-a9cb9550989a
0e4258fa-3154-4c16-b693-adecab184c6c,311,1235,Iowa St.,Iowa State University,NCAA MEN,NCAAM,Big 12,BIG12,2853cf4d-6d62-4ec6-8e2c-d69f7a01a557,NCAA Division I,D1,c5a8d640-5093-4044-851d-2c562e929994,5fa4e0d6-a1e9-4ddc-803d-e75916afa21a
f7fcbb6e-4a55-41ea-ba21-f763ed914467,698,1395,TCU,Texas Christian University,NCAA MEN,NCAAM,Big 12,BIG12,2853cf4d-6d62-4ec6-8e2c-d69f7a01a557,NCAA Division I,D1,c5a8d640-5093-4044-851d-2c562e929994,1819e403-3649-4114-af21-f21d70cceb61
b2fda957-e15c-4fb2-8a13-6e58496f561e,522,1328,Oklahoma,University of Oklahoma,NCAA MEN,NCAAM,Big 12,BIG12,2853cf4d-6d62-4ec6-8e2c-d69f7a01a557,NCAA Division I,D1,c5a8d640-5093-4044-851d-2c562e929994,225c0c88-bcd8-471e-a7a4-7cc06685add4
f770d3a2-221c-49ce-9c7a-680f7417fe9e,768,1452,West Virginia,West Virginia University,NCAA MEN,NCAAM,Big 12,BIG12,2853cf4d-6d62-4ec6-8e2c-d69f7a01a557,NCAA Division I,D1,c5a8d640-5093-4044-851d-2c562e929994,c87eb1d1-0732-48fb-9fc5-7a7c6934c957
fae4855b-1b64-4b40-a632-9ed345e1e952,328,1242,Kansas,University of Kansas,NCAA MEN,NCAAM,Big 12,BIG12,2853cf4d-6d62-4ec6-8e2c-d69f7a01a557,NCAA Division I,D1,c5a8d640-5093-4044-851d-2c562e929994,198a412e-f8cd-4a32-bf09-c45831f6c1d2
d203f38a-a166-4258-bca2-e161b591ecfb,327,1243,Kansas St.,Kansas State University,NCAA MEN,NCAAM,Big 12,BIG12,2853cf4d-6d62-4ec6-8e2c-d69f7a01a557,NCAA Division I,D1,c5a8d640-5093-4044-851d-2c562e929994,f49d36b8-5c9d-4dd1-a30c-2cea1899f7bd
7e42fa84-68cd-47a6-b49a-18b5414d8084,502,1294,Northern Colo.,University of Northern Colorado,NCAA MEN,NCAAM,Big Sky,BIGSKY,3126fb79-47a7-4a57-b065-8b9d1bdb660d,NCAA Division I,D1,c5a8d640-5093-4044-851d-2c562e929994,410dd52e-6fd0-4da9-89a6-c9e434a35fe7
de8fc8a7-253f-4597-8a48-a0104ef226ae,494,1315,North Dakota,University of North Dakota,NCAA MEN,NCAAM,Big Sky,BIGSKY,3126fb79-47a7-4a57-b065-8b9d1bdb660d,NCAA Division I,D1,c5a8d640-5093-4044-851d-2c562e929994,a6bf0915-b261-444f-887f-e5fa7cc8599a
6a67ba19-56a8-4dd8-a5ae-9e9f2523c274,294,1226,Idaho St.,Idaho State University,NCAA MEN,NCAAM,Big Sky,BIGSKY,3126fb79-47a7-4a57-b065-8b9d1bdb660d,NCAA Division I,D1,c5a8d640-5093-4044-851d-2c562e929994,8abe4058-b5c2-4ce0-9926-97ac88f6efcc
54df21af-8f65-42fc-bc01-8bf750856d70,207,1186,Eastern Wash.,Eastern Washington University,NCAA MEN,NCAAM,Big Sky,BIGSKY,3126fb79-47a7-4a57-b065-8b9d1bdb660d,NCAA Division I,D1,c5a8d640-5093-4044-851d-2c562e929994,cff3a947-02b5-44f0-b8fe-c8b5b22b9f73
c7116621-45ed-4ab1-9ad9-dee524120569,667,1381,Southern Utah,Southern Utah University,NCAA MEN,NCAAM,Big Sky,BIGSKY,3126fb79-47a7-4a57-b065-8b9d1bdb660d,NCAA Division I,D1,c5a8d640-5093-4044-851d-2c562e929994,436b9f40-6358-4e89-aec7-02ce1c308402
4743cb7c-784a-4b95-a380-5471f92f2217,758,1451,Weber St.,Weber State University,NCAA MEN,NCAAM,Big Sky,BIGSKY,3126fb79-47a7-4a57-b065-8b9d1bdb660d,NCAA Division I,D1,c5a8d640-5093-4044-851d-2c562e929994,96d4a6bc-89bb-440f-8a06-1bfef83504c3
1753768d-e46e-40b1-8d69-a8ae5cccec03,501,1319,Northern Ariz.,Northern Arizona University,NCAA MEN,NCAAM,Big Sky,BIGSKY,3126fb79-47a7-4a57-b065-8b9d1bdb660d,NCAA Division I,D1,c5a8d640-5093-4044-851d-2c562e929994,a9e8ae08-0f2d-45b5-9bee-ee0f8ed0d166
1dc13b18-f9b3-4bb9-b1cf-979fcd8c2b6f,102,1170,Sacramento St.,"California State University, Sacramento",NCAA MEN,NCAAM,Big Sky,BIGSKY,3126fb79-47a7-4a57-b065-8b9d1bdb660d,NCAA Division I,D1,c5a8d640-5093-4044-851d-2c562e929994,38a364ae-eb4c-4ace-a2e4-c28f3b1b11f5
ec6185b7-4e0c-4eb8-99ef-f3a4dccf6b91,295,1225,Idaho,University of Idaho,NCAA MEN,NCAAM,Big Sky,BIGSKY,3126fb79-47a7-4a57-b065-8b9d1bdb660d,NCAA Division I,D1,c5a8d640-5093-4044-851d-2c562e929994,12be683d-3edb-4513-810a-2700ea0802bc
79965018-7f6f-4273-9eef-65c99b592b01,550,1340,Portland St.,Portland State University,NCAA MEN,NCAAM,Big Sky,BIGSKY,3126fb79-47a7-4a57-b065-8b9d1bdb660d,NCAA Division I,D1,c5a8d640-5093-4044-851d-2c562e929994,e14bfb27-a6e5-4405-ad0f-9b742a61932c
bec40585-b587-4548-93f5-b7c00b046aea,440,1286,Montana St.,Montana State University-Bozeman,NCAA MEN,NCAAM,Big Sky,BIGSKY,3126fb79-47a7-4a57-b065-8b9d1bdb660d,NCAA Division I,D1,c5a8d640-5093-4044-851d-2c562e929994,3213f809-1a69-4d2e-8a39-66a5b4782c0d
e3848467-66c0-41e5-8283-02e3586d8601,441,1285,Montana,University of Montana,NCAA MEN,NCAAM,Big Sky,BIGSKY,3126fb79-47a7-4a57-b065-8b9d1bdb660d,NCAA Division I,D1,c5a8d640-5093-4044-851d-2c562e929994,6017493a-9b75-4a03-8e8a-1ebc69aeeb59
f8b1bf00-5b73-4ac4-98c0-ec554027ae32,463,1304,Nebraska,"University of Nebraska, Lincoln",NCAA MEN,NCAAM,Big Ten,BIG10,a30fe8ff-82d2-4521-bc8d-e08e6a9dbb52,NCAA Division I,D1,c5a8d640-5093-4044-851d-2c562e929994,8bb3f9a6-ee47-4c34-889d-96cbb328c2f7
b03bb029-4499-4a2c-9074-5071ed360b21,587,1353,Rutgers,"Rutgers, State Univ of New Jersey, New Brunswick",NCAA MEN,NCAAM,Big Ten,BIG10,a30fe8ff-82d2-4521-bc8d-e08e6a9dbb52,NCAA Division I,D1,c5a8d640-5093-4044-851d-2c562e929994,dd352ce9-3282-4d7b-862f-f406eb61aca6
150148c2-ca8f-414f-8f41-d94a55d4a122,301,1228,Illinois,"University of Illinois, Champaign",NCAA MEN,NCAAM,Big Ten,BIG10,a30fe8ff-82d2-4521-bc8d-e08e6a9dbb52,NCAA Division I,D1,c5a8d640-5093-4044-851d-2c562e929994,fd463a7b-f82c-47c3-bd18-334b5fd10c1f
c7569eae-5b93-4197-b204-6f3a62146b25,796,1458,Wisconsin,"University of Wisconsin, Madison",NCAA MEN,NCAAM,Big Ten,BIG10,a30fe8ff-82d2-4521-bc8d-e08e6a9dbb52,NCAA Division I,D1,c5a8d640-5093-4044-851d-2c562e929994,43889e3e-601b-4180-811a-33005480d2de
2778d005-cc14-4e58-9bf2-3fc37bffb62f,392,1268,Maryland,"University of Maryland, College Park",NCAA MEN,NCAAM,Big Ten,BIG10,a30fe8ff-82d2-4521-bc8d-e08e6a9dbb52,NCAA Division I,D1,c5a8d640-5093-4044-851d-2c562e929994,0b2f6987-6c44-456a-b8f9-69daf8c72909
a41d5a05-4c11-4171-a57e-e7a1ea325a6d,416,1277,Michigan St.,Michigan State University,NCAA MEN,NCAAM,Big Ten,BIG10,a30fe8ff-82d2-4521-bc8d-e08e6a9dbb52,NCAA Division I,D1,c5a8d640-5093-4044-851d-2c562e929994,93a5f5a1-961e-4434-b4d9-a6c5838a77d7
12d7f888-675b-459f-9099-a38f771d8a95,559,1345,Purdue,Purdue University,NCAA MEN,NCAAM,Big Ten,BIG10,a30fe8ff-82d2-4521-bc8d-e08e6a9dbb52,NCAA Division I,D1,c5a8d640-5093-4044-851d-2c562e929994,9cfb4bc5-e327-4e7a-bc26-ef57336d45b3
c10544de-e3bd-4776-ba2e-83df8c017fd1,312,1234,Iowa,University of Iowa,NCAA MEN,NCAAM,Big Ten,BIG10,a30fe8ff-82d2-4521-bc8d-e08e6a9dbb52,NCAA Division I,D1,c5a8d640-5093-4044-851d-2c562e929994,04c2567a-3a02-462b-b06b-5a4216dd30af
857462b3-0ab6-4d26-9669-10ca354e382b,518,1326,Ohio St.,The Ohio State University,NCAA MEN,NCAAM,Big Ten,BIG10,a30fe8ff-82d2-4521-bc8d-e08e6a9dbb52,NCAA Division I,D1,c5a8d640-5093-4044-851d-2c562e929994,3c978b1c-94e5-46a7-848c-2d45efc4ccf5
fa416692-7e09-4f0a-9bcf-0cf7d5149a14,428,1278,Minnesota,"University of Minnesota, Twin Cities",NCAA MEN,NCAAM,Big Ten,BIG10,a30fe8ff-82d2-4521-bc8d-e08e6a9dbb52,NCAA Division I,D1,c5a8d640-5093-4044-851d-2c562e929994,f72da915-1ddd-41a0-9e19-0b0c7f6f30c5
4aebd148-8119-4875-954c-66779867989b,539,1336,Penn St.,Pennsylvania State University,NCAA MEN,NCAAM,Big Ten,BIG10,a30fe8ff-82d2-4521-bc8d-e08e6a9dbb52,NCAA Division I,D1,c5a8d640-5093-4044-851d-2c562e929994,c3fa8231-08d4-4ef5-8fe3-a3d1694b646a
bdc2561d-f603-4fab-a262-f1d2af462277,418,1276,Michigan,University of Michigan,NCAA MEN,NCAAM,Big Ten,BIG10,a30fe8ff-82d2-4521-bc8d-e08e6a9dbb52,NCAA Division I,D1,c5a8d640-5093-4044-851d-2c562e929994,64995011-8f2a-4ad8-8be8-8e60e901676b
4b7dedc0-7b48-49a4-aad6-8a94a33274d2,509,1321,Northwestern,Northwestern University,NCAA MEN,NCAAM,Big Ten,BIG10,a30fe8ff-82d2-4521-bc8d-e08e6a9dbb52,NCAA Division I,D1,c5a8d640-5093-4044-851d-2c562e929994,df69eb85-bb1a-4aaf-a951-18451b794a73
c3f0a8ce-af67-497f-a750-3b859376b20a,306,1231,Indiana,"Indiana University, Bloomington",NCAA MEN,NCAAM,Big Ten,BIG10,a30fe8ff-82d2-4521-bc8d-e08e6a9dbb52,NCAA Division I,D1,c5a8d640-5093-4044-851d-2c562e929994,eecdd0a2-3fc3-4761-a6da-813f5751aabf
9c396fa7-c165-4599-8542-158bd0d9a199,810,1460,Wright St.,Wright State University,NCAA MEN,NCAAM,Horizon,HORIZON,92db2b30-c5ac-41e9-ba18-59f3c2a0dd0b,NCAA Division I,D1,c5a8d640-5093-4044-851d-2c562e929994,ca663c97-0b2b-415d-9c35-602bee191576
90ec10eb-38a4-4a69-b072-ef71d294933b,2699,1237,IUPUI,Indiana University-Purdue University at Indianapolis,NCAA MEN,NCAAM,Horizon,HORIZON,92db2b30-c5ac-41e9-ba18-59f3c2a0dd0b,NCAA Division I,D1,c5a8d640-5093-4044-851d-2c562e929994,dbd763f5-27b5-428b-a655-276929ec571f
da7d41bc-48b0-4a04-948f-792d6470bcb5,817,1464,Youngstown St.,Youngstown State University,NCAA MEN,NCAAM,Horizon,HORIZON,92db2b30-c5ac-41e9-ba18-59f3c2a0dd0b,NCAA Division I,D1,c5a8d640-5093-4044-851d-2c562e929994,02e0ab6f-a6ce-4a43-8a55-012057670c45
61a3e5ab-1be3-4694-b83f-edae0953f409,794,1453,Green Bay,"University of Wisconsin, Green Bay",NCAA MEN,NCAAM,Horizon,HORIZON,92db2b30-c5ac-41e9-ba18-59f3c2a0dd0b,NCAA Division I,D1,c5a8d640-5093-4044-851d-2c562e929994,e5485a6b-50d0-40ab-a0ee-560016270c8b
dfe0d93f-94a5-47fb-b7aa-f74786e09acb,302,1227,Ill.-Chicago,University of Illinois at Chicago,NCAA MEN,NCAAM,Horizon,HORIZON,92db2b30-c5ac-41e9-ba18-59f3c2a0dd0b,NCAA Division I,D1,c5a8d640-5093-4044-851d-2c562e929994,25272c55-5305-4004-91c8-6179630c4d52
ab9a1315-293f-42d3-a164-860216e81576,505,1297,Northern Ky.,Northern Kentucky University,NCAA MEN,NCAAM,Horizon,HORIZON,92db2b30-c5ac-41e9-ba18-59f3c2a0dd0b,NCAA Division I,D1,c5a8d640-5093-4044-851d-2c562e929994,8a3bf667-65e2-4b7e-809f-8d8befcd8f25
1b78e7f6-f25c-4921-98e2-9bc565f8dfb4,184,1178,Detroit Mercy,University of Detroit Mercy,NCAA MEN,NCAAM,Horizon,HORIZON,92db2b30-c5ac-41e9-ba18-59f3c2a0dd0b,NCAA Division I,D1,c5a8d640-5093-4044-851d-2c562e929994,752d75a9-1391-4fad-adac-ea4cf6ce7ae8
e30c0417-b220-424e-886e-dd1249e2ca5a,148,1156,Cleveland St.,Cleveland State University,NCAA MEN,NCAAM,Horizon,HORIZON,92db2b30-c5ac-41e9-ba18-59f3c2a0dd0b,NCAA Division I,D1,c5a8d640-5093-4044-851d-2c562e929994,7dd31aed-216c-4a1b-9358-1f19c2b4065b
aeaaef0d-5238-414e-ac04-c55a22cba208,514,1324,Oakland,Oakland University,NCAA MEN,NCAAM,Horizon,HORIZON,92db2b30-c5ac-41e9-ba18-59f3c2a0dd0b,NCAA Division I,D1,c5a8d640-5093-4044-851d-2c562e929994,5fa7b2f4-dd50-43b5-a91f-f234ed6a82a3
5d77800f-1ae6-4b66-8e97-b0dbb8bbc717,797,1454,Milwaukee,"University of Wisconsin, Milwaukee",NCAA MEN,NCAAM,Horizon,HORIZON,92db2b30-c5ac-41e9-ba18-59f3c2a0dd0b,NCAA Division I,D1,c5a8d640-5093-4044-851d-2c562e929994,0a244752-a828-4d77-8abb-31c4ed40ad1b
06f7c904-0ac7-4125-b0f4-f4871bb69057,387,1266,Marquette,Marquette University,NCAA MEN,NCAAM,Big East,BIGEAST,d07bc93e-c84c-44a9-a99d-c213bd0014d6,NCAA Division I,D1,c5a8d640-5093-4044-851d-2c562e929994,9bb9599c-17dd-4253-82bb-96fae950a32f
aef5e386-d8e8-460c-8014-3a2f090fd988,635,1371,Seton Hall,Seton Hall University,NCAA MEN,NCAAM,Big East,BIGEAST,d07bc93e-c84c-44a9-a99d-c213bd0014d6,NCAA Division I,D1,c5a8d640-5093-4044-851d-2c562e929994,1775fdf8-e2e2-4d4d-b83f-e98896bd95c7
bdb7d7a4-45f8-4bf3-ab85-15488c451494,87,1139,Butler,Butler University,NCAA MEN,NCAAM,Big East,BIGEAST,d07bc93e-c84c-44a9-a99d-c213bd0014d6,NCAA Division I,D1,c5a8d640-5093-4044-851d-2c562e929994,0c9f2d1d-5a8d-4a23-b2fa-9d66ac531db5
7d3b9c72-cbdd-4b64-9aa3-a5bde9b75fdc,556,1344,Providence,Providence College,NCAA MEN,NCAAM,Big East,BIGEAST,d07bc93e-c84c-44a9-a99d-c213bd0014d6,NCAA Division I,D1,c5a8d640-5093-4044-851d-2c562e929994,94e2afc1-0309-408f-84fb-2f80cbda0357
ee09e6ad-3872-4745-bbb9-ebbd5c6f8318,176,1177,DePaul,DePaul University,NCAA MEN,NCAAM,Big East,BIGEAST,d07bc93e-c84c-44a9-a99d-c213bd0014d6,NCAA Division I,D1,c5a8d640-5093-4044-851d-2c562e929994,fa4fcd34-792a-4cdc-a7df-a41e9d54a2b0
c1f4aae1-aa16-4095-aeab-10e5c2a1236a,603,1385,St. John's (NY),St. John's University (New York),NCAA MEN,NCAAM,Big East,BIGEAST,d07bc93e-c84c-44a9-a99d-c213bd0014d6,NCAA Division I,D1,c5a8d640-5093-4044-851d-2c562e929994,8e4f0fbe-7853-4be9-a864-24c62fafff76
7d797407-623e-476d-b299-46de4275414d,169,1166,Creighton,Creighton University,NCAA MEN,NCAAM,Big East,BIGEAST,d07bc93e-c84c-44a9-a99d-c213bd0014d6,NCAA Division I,D1,c5a8d640-5093-4044-851d-2c562e929994,41b29fbb-906a-4aca-b261-6a816ca96428
4383eb6a-7fd8-4ff2-94c5-43c933121e88,739,1437,Villanova,Villanova University,NCAA MEN,NCAAM,Big East,BIGEAST,d07bc93e-c84c-44a9-a99d-c213bd0014d6,NCAA Division I,D1,c5a8d640-5093-4044-851d-2c562e929994,b3dca541-859e-5301-bf90-4ec677a514a9
8736b67f-5924-400b-bf94-3bd804c36600,251,1207,Georgetown,Georgetown University,NCAA MEN,NCAAM,Big East,BIGEAST,d07bc93e-c84c-44a9-a99d-c213bd0014d6,NCAA Division I,D1,c5a8d640-5093-4044-851d-2c562e929994,0ef403ec-dce8-4a2e-a56e-017ae2870226
0d8a328f-20ce-410b-bed1-15fc01308aaf,812,1462,Xavier,Xavier University,NCAA MEN,NCAAM,Big East,BIGEAST,d07bc93e-c84c-44a9-a99d-c213bd0014d6,NCAA Division I,D1,c5a8d640-5093-4044-851d-2c562e929994,b1f268ba-88e4-42ee-a032-1012ed4e2181
8aaad1c0-d16e-4b9f-8541-dac670addd71,108,1413,UC Davis,"University of California, Davis",NCAA MEN,NCAAM,Big West,BIGWEST,5f56da49-5d81-43c3-8652-8b8da40c907f,NCAA Division I,D1,c5a8d640-5093-4044-851d-2c562e929994,ffd3dede-744e-46a1-b4c7-e5ac40aa9eb1
45439cdb-af7a-4743-936c-dccc76b30877,90,1142,Cal Poly,California Polytechnic State University,NCAA MEN,NCAAM,Big West,BIGWEST,5f56da49-5d81-43c3-8652-8b8da40c907f,NCAA Division I,D1,c5a8d640-5093-4044-851d-2c562e929994,2a3ef518-358e-492b-bd62-aefe6ffeeaec
c009914b-3303-4dee-b915-978aa48a31d0,97,1168,Cal St. Fullerton,"California State University, Fullerton",NCAA MEN,NCAAM,Big West,BIGWEST,5f56da49-5d81-43c3-8652-8b8da40c907f,NCAA Division I,D1,c5a8d640-5093-4044-851d-2c562e929994,59a06e26-eb99-4f10-b1cc-0f5518f031e6
11a617d5-af03-4cce-bc8a-51114d9e41fe,99,1253,Long Beach St.,Long Beach State University,NCAA MEN,NCAAM,Big West,BIGWEST,5f56da49-5d81-43c3-8652-8b8da40c907f,NCAA Division I,D1,c5a8d640-5093-4044-851d-2c562e929994,ee28a38d-1d9e-41db-8fbd-d1fa52e8a296
3b6293f3-03db-46d2-8793-248963c2d83b,104,1364,UC Santa Barbara,"University of California, Santa Barbara",NCAA MEN,NCAAM,Big West,BIGWEST,5f56da49-5d81-43c3-8652-8b8da40c907f,NCAA Division I,D1,c5a8d640-5093-4044-851d-2c562e929994,c13d8ed7-809f-43bf-8cfc-606185bc46da
39d00ef7-320d-47cf-a2fa-859bc24d16b4,109,1414,UC Irvine,"University of California, Irvine",NCAA MEN,NCAAM,Big West,BIGWEST,5f56da49-5d81-43c3-8652-8b8da40c907f,NCAA Division I,D1,c5a8d640-5093-4044-851d-2c562e929994,a80809ab-eb56-44fb-857a-2598b43c4c5a
d4dc55b3-94fe-4d4f-b0bf-c50c5f064392,277,1218,Hawaii,"University of Hawaii, Manoa",NCAA MEN,NCAAM,Big West,BIGWEST,5f56da49-5d81-43c3-8652-8b8da40c907f,NCAA Division I,D1,c5a8d640-5093-4044-851d-2c562e929994,2e713b00-8015-42c7-813b-643f41b0d384
6b170a32-8445-4cb1-8638-724996c3094b,111,1415,UC Riverside,"University of California, Riverside",NCAA MEN,NCAAM,Big West,BIGWEST,5f56da49-5d81-43c3-8652-8b8da40c907f,NCAA Division I,D1,c5a8d640-5093-4044-851d-2c562e929994,46b89cee-b775-4c80-81b8-5628effbe2b3
cb732075-23a5-4e71-9037-50a7a002bdb2,101,1169,CSUN,"California State University, Northridge",NCAA MEN,NCAAM,Big West,BIGWEST,5f56da49-5d81-43c3-8652-8b8da40c907f,NCAA Division I,D1,c5a8d640-5093-4044-851d-2c562e929994,71d77907-2374-4969-9d8c-fc7100d47c28
8accb91e-6086-41b3-a420-7a82fa442365,1068,1189,Elon,Elon University,NCAA MEN,NCAAM,Colonial,COLONIAL,c56db9d1-604f-40ad-8a7f-c3b8abd16fca,NCAA Division I,D1,c5a8d640-5093-4044-851d-2c562e929994,966b6f31-1a6e-41df-a295-054c20073fce
ad24b724-a11c-4dcd-a68c-67c53833ccb7,786,1456,William & Mary,College of William and Mary,NCAA MEN,NCAAM,Colonial,COLONIAL,c56db9d1-604f-40ad-8a7f-c3b8abd16fca,NCAA Division I,D1,c5a8d640-5093-4044-851d-2c562e929994,a41b674e-f92b-420b-b9cf-540da9f522df
0affc15f-641d-4211-970d-fb9fb8d36842,180,1174,Delaware,University of Delaware,NCAA MEN,NCAAM,Colonial,COLONIAL,c56db9d1-604f-40ad-8a7f-c3b8abd16fca,NCAA Division I,D1,c5a8d640-5093-4044-851d-2c562e929994,10fa4797-0899-435d-a5c2-ab5f5e13ac75
36ca2008-cd2e-4549-8b3b-c745167e07f3,283,1220,Hofstra,Hofstra University,NCAA MEN,NCAAM,Colonial,COLONIAL,c56db9d1-604f-40ad-8a7f-c3b8abd16fca,NCAA Division I,D1,c5a8d640-5093-4044-851d-2c562e929994,0d149b57-2a9a-41a6-a334-a44b32f3e94b
6f3eec09-2918-4739-a0e8-5d79e14a8332,711,1406,Towson,Towson University,NCAA MEN,NCAAM,Colonial,COLONIAL,c56db9d1-604f-40ad-8a7f-c3b8abd16fca,NCAA Division I,D1,c5a8d640-5093-4044-851d-2c562e929994,a41c3ea9-60d0-46dd-a1bc-6ea6b7f46dca
8548dacb-3636-48a8-8c46-611ab0c15fc0,1014,1158,Col. of Charleston,College of Charleston (South Carolina),NCAA MEN,NCAAM,Colonial,COLONIAL,c56db9d1-604f-40ad-8a7f-c3b8abd16fca,NCAA Division I,D1,c5a8d640-5093-4044-851d-2c562e929994,365700aa-9e46-4b94-8060-52648d29cfca
c54279f9-3028-4663-893a-7d22482f8098,460,1423,UNCW,University of North Carolina Wilmington,NCAA MEN,NCAAM,Colonial,COLONIAL,c56db9d1-604f-40ad-8a7f-c3b8abd16fca,NCAA Division I,D1,c5a8d640-5093-4044-851d-2c562e929994,d5eb4678-13a8-40c7-901e-ca1cdf416d6e
93df9b18-e9fc-42a7-bb45-a736c203b4dc,500,1318,Northeastern,Northeastern University,NCAA MEN,NCAAM,Colonial,COLONIAL,c56db9d1-604f-40ad-8a7f-c3b8abd16fca,NCAA Division I,D1,c5a8d640-5093-4044-851d-2c562e929994,fb9efd6f-7057-4445-ac42-b299968f41ba
f2d01b77-0f5d-4574-9e49-2a3eaf822e44,191,1180,Drexel,Drexel University,NCAA MEN,NCAAM,Colonial,COLONIAL,c56db9d1-604f-40ad-8a7f-c3b8abd16fca,NCAA Division I,D1,c5a8d640-5093-4044-851d-2c562e929994,41831bee-c14a-410b-b188-b41587a0bf3a
524e3eec-7dde-45c7-b3cc-6308cec73350,317,1241,James Madison,James Madison University,NCAA MEN,NCAAM,Colonial,COLONIAL,c56db9d1-604f-40ad-8a7f-c3b8abd16fca,NCAA Division I,D1,c5a8d640-5093-4044-851d-2c562e929994,e4995d36-0d45-427f-b5b5-62ec72243843
c13f96ba-c79c-452f-9f63-3b45fae4e543,625,1359,Samford,Samford University,NCAA MEN,NCAAM,Southern,SOUTHERN,468829d1-8886-4c14-91d1-e6441673b2f6,NCAA Division I,D1,c5a8d640-5093-4044-851d-2c562e929994,d6172d08-407e-4028-a769-4843518a1414
4c9fb59b-6cec-4b0d-bb0f-628b391d138c,693,1151,Chattanooga,University of Tennessee at Chattanooga,NCAA MEN,NCAAM,Southern,SOUTHERN,468829d1-8886-4c14-91d1-e6441673b2f6,NCAA Division I,D1,c5a8d640-5093-4044-851d-2c562e929994,ec253396-69c1-484e-9eaa-29ab0a76beb7
6bff595c-32cb-4028-837c-c7de2a2107e6,769,1441,Western Caro.,Western Carolina University,NCAA MEN,NCAAM,Southern,SOUTHERN,468829d1-8886-4c14-91d1-e6441673b2f6,NCAA Division I,D1,c5a8d640-5093-4044-851d-2c562e929994,16debea1-2198-4fa9-a1f0-48aa281b86d4
612f7f66-1de1-4d42-b842-9a508daab911,459,1422,UNCG,University of North Carolina at Greensboro,NCAA MEN,NCAAM,Southern,SOUTHERN,468829d1-8886-4c14-91d1-e6441673b2f6,NCAA Division I,D1,c5a8d640-5093-4044-851d-2c562e929994,695d3bc9-f1db-4a96-9050-5a90073bbca0
d750d88f-f7b8-4bc3-a5f6-36e7a67ec93e,198,1190,ETSU,East Tennessee State University,NCAA MEN,NCAAM,Southern,SOUTHERN,468829d1-8886-4c14-91d1-e6441673b2f6,NCAA Division I,D1,c5a8d640-5093-4044-851d-2c562e929994,0aac2ad9-acaa-481a-8bfc-e94d2e6cdfc4
412e7f0d-fb93-4e6e-be1f-9a4c7490d121,141,1154,The Citadel,The Citadel,NCAA MEN,NCAAM,Southern,SOUTHERN,468829d1-8886-4c14-91d1-e6441673b2f6,NCAA Division I,D1,c5a8d640-5093-4044-851d-2c562e929994,0424d202-97b4-4ae3-95ab-308fa98de534
ca5318f2-48eb-4f6b-896a-966b900aa42f,244,1202,Furman,Furman University,NCAA MEN,NCAAM,Southern,SOUTHERN,468829d1-8886-4c14-91d1-e6441673b2f6,NCAA Division I,D1,c5a8d640-5093-4044-851d-2c562e929994,d8e571a8-3eac-41a7-bbc3-bdf08c40d156
a14b0057-8eb5-43d2-a33b-666196da933e,406,1273,Mercer,Mercer University,NCAA MEN,NCAAM,Southern,SOUTHERN,468829d1-8886-4c14-91d1-e6441673b2f6,NCAA Division I,D1,c5a8d640-5093-4044-851d-2c562e929994,f18c2342-0b46-40e2-adff-dd447d710d6f
227d3567-d57b-417e-afc4-735e4cb308a1,741,1440,VMI,Virginia Military Institute,NCAA MEN,NCAAM,Southern,SOUTHERN,468829d1-8886-4c14-91d1-e6441673b2f6,NCAA Division I,D1,c5a8d640-5093-4044-851d-2c562e929994,bb58bce7-ccfc-41d6-96f8-77912e639e09
9916713f-b243-452b-93ae-a2c3ccabf68b,2915,1459,Wofford,Wofford College,NCAA MEN,NCAAM,Southern,SOUTHERN,468829d1-8886-4c14-91d1-e6441673b2f6,NCAA Division I,D1,c5a8d640-5093-4044-851d-2c562e929994,7a660cd8-ae86-4a54-8e8b-1bd27f2dd6bb
0dadedb0-2bd3-45e7-91a3-93af6c4e87f2,32,1114,Little Rock,"University of Arkansas, Little Rock",NCAA MEN,NCAAM,Sun Belt,SUNBELT,302c99fe-6b0a-40ec-8ee7-f15a0355b7b5,NCAA Division I,D1,c5a8d640-5093-4044-851d-2c562e929994,b30181e3-c980-4668-9c13-5f5ef88aa819
4af63ebd-d3c8-4772-bbde-938a078bd057,149,1157,Coastal Caro.,Coastal Carolina University,NCAA MEN,NCAAM,Sun Belt,SUNBELT,302c99fe-6b0a-40ec-8ee7-f15a0355b7b5,NCAA Division I,D1,c5a8d640-5093-4044-851d-2c562e929994,65f50512-6cba-45c7-9055-e68f1c8db0d2
87d88c93-29bc-4306-b0a6-87c6f6e80da1,27,1111,Appalachian St.,Appalachian State University,NCAA MEN,NCAAM,Sun Belt,SUNBELT,302c99fe-6b0a-40ec-8ee7-f15a0355b7b5,NCAA Division I,D1,c5a8d640-5093-4044-851d-2c562e929994,82a34455-da70-4528-8631-d1c4555d77c2
7c2b372b-b5f0-466e-90cf-880beec57584,702,1426,UT Arlington,University of Texas at Arlington,NCAA MEN,NCAAM,Sun Belt,SUNBELT,302c99fe-6b0a-40ec-8ee7-f15a0355b7b5,NCAA Division I,D1,c5a8d640-5093-4044-851d-2c562e929994,69391650-8df7-49f0-8128-217a57679085
18585f21-1d63-4400-974c-433fd5073c34,498,1419,La.-Monroe,University of Louisiana at Monroe,NCAA MEN,NCAAM,Sun Belt,SUNBELT,302c99fe-6b0a-40ec-8ee7-f15a0355b7b5,NCAA Division I,D1,c5a8d640-5093-4044-851d-2c562e929994,5f3d2fe1-06a6-453a-a4cb-78b00809cb38
94ea835b-8ce9-4de2-a5b1-971548fea974,254,1209,Georgia St.,Georgia State University,NCAA MEN,NCAAM,Sun Belt,SUNBELT,302c99fe-6b0a-40ec-8ee7-f15a0355b7b5,NCAA Division I,D1,c5a8d640-5093-4044-851d-2c562e929994,c1b8f2a0-57a8-4926-b771-ec50ed06ace2
95826e36-ea33-4b51-83a8-7b4cc20999ee,30,1117,Arkansas St.,Arkansas State University,NCAA MEN,NCAAM,Sun Belt,SUNBELT,302c99fe-6b0a-40ec-8ee7-f15a0355b7b5,NCAA Division I,D1,c5a8d640-5093-4044-851d-2c562e929994,9240589b-3f2a-45cb-b592-e6e02f5557a6
6b955b96-b736-475e-bffd-e4acf2054169,253,1204,Ga. Southern,Georgia Southern University,NCAA MEN,NCAAM,Sun Belt,SUNBELT,302c99fe-6b0a-40ec-8ee7-f15a0355b7b5,NCAA Division I,D1,c5a8d640-5093-4044-851d-2c562e929994,2a2ec581-1903-41af-bccf-ffddea79e29f
1e5dc9e4-c60d-487b-8279-dfbec9229faa,670,1402,Texas St.,Texas State University-San Marcos,NCAA MEN,NCAAM,Sun Belt,SUNBELT,302c99fe-6b0a-40ec-8ee7-f15a0355b7b5,NCAA Division I,D1,c5a8d640-5093-4044-851d-2c562e929994,31cccc6f-84fb-4f1c-ab2d-f6db7f5fc955
10c614fa-9646-46cf-a1fb-5af96772bbb8,646,1375,South Ala.,University of South Alabama,NCAA MEN,NCAAM,Sun Belt,SUNBELT,302c99fe-6b0a-40ec-8ee7-f15a0355b7b5,NCAA Division I,D1,c5a8d640-5093-4044-851d-2c562e929994,d6e5d172-c88f-411d-b421-4b59b9507e44
6373b18c-62f6-49bc-bd4c-8959a2466516,716,1407,Troy,Troy University,NCAA MEN,NCAAM,Sun Belt,SUNBELT,302c99fe-6b0a-40ec-8ee7-f15a0355b7b5,NCAA Division I,D1,c5a8d640-5093-4044-851d-2c562e929994,ad56c582-5504-41b6-b7be-fe26d4ceddbf
63cad858-8654-4956-8438-8fe79cd1208a,671,1418,Louisiana,University of Louisiana at Lafayette,NCAA MEN,NCAAM,Sun Belt,SUNBELT,302c99fe-6b0a-40ec-8ee7-f15a0355b7b5,NCAA Division I,D1,c5a8d640-5093-4044-851d-2c562e929994,704c2bf5-b61f-44c9-abee-71e6d0cae512
6e5dfe2c-28cc-411f-b846-af8436093ab2,115,1144,Campbell,Campbell University,NCAA MEN,NCAAM,Big South,BIGSOUTH,906a1ec5-c786-4b14-9f7a-30e0c0f53255,NCAA Division I,D1,c5a8d640-5093-4044-851d-2c562e929994,7b69a82f-38a9-4976-860b-bda2d1861d5f
79871449-f5a1-4650-b3cf-85b78fd6943e,1092,1205,Gardner-Webb,Gardner-Webb University,NCAA MEN,NCAAM,Big South,BIGSOUTH,906a1ec5-c786-4b14-9f7a-30e0c0f53255,NCAA Division I,D1,c5a8d640-5093-4044-851d-2c562e929994,55d31d41-1514-4e38-9d15-7bc557a18630
559db90c-741f-40d1-aa81-3fdd1d4889f3,355,1251,Liberty,Liberty University,NCAA MEN,NCAAM,Big South,BIGSOUTH,906a1ec5-c786-4b14-9f7a-30e0c0f53255,NCAA Division I,D1,c5a8d640-5093-4044-851d-2c562e929994,0ecd3719-8eea-4964-a7a3-085f06eae84e
600aad0e-85e7-4db8-be0b-94ba02a08e55,363,1255,Longwood,Longwood University,NCAA MEN,NCAAM,Big South,BIGSOUTH,906a1ec5-c786-4b14-9f7a-30e0c0f53255,NCAA Division I,D1,c5a8d640-5093-4044-851d-2c562e929994,880b6559-47cb-438b-877f-acbbdbf64e00
f2cf9ba2-ac8c-4d92-8e7a-48dd88e8f40b,563,1347,Radford,Radford University,NCAA MEN,NCAAM,Big South,BIGSOUTH,906a1ec5-c786-4b14-9f7a-30e0c0f53255,NCAA Division I,D1,c5a8d640-5093-4044-851d-2c562e929994,8f4f3674-e96e-4425-a4eb-a0bb38077f2b
b06b63b0-20e6-4c78-bdcf-5feac3d7995e,1320,1342,Presbyterian,Presbyterian College,NCAA MEN,NCAAM,Big South,BIGSOUTH,906a1ec5-c786-4b14-9f7a-30e0c0f53255,NCAA Division I,D1,c5a8d640-5093-4044-851d-2c562e929994,bde3e4bd-9b5b-4084-b8bb-9e9f850748ee
a311188e-1259-4fda-b0ea-c47cb52694b1,19651,1219,High Point,High Point University,NCAA MEN,NCAAM,Big South,BIGSOUTH,906a1ec5-c786-4b14-9f7a-30e0c0f53255,NCAA Division I,D1,c5a8d640-5093-4044-851d-2c562e929994,4234d0d5-9a46-4cf8-9a47-12ddc645f920
ad9fce12-6b1a-400c-bcbe-29d84d065fc0,456,1421,UNC Asheville,"University of North Carolina, Asheville",NCAA MEN,NCAAM,Big South,BIGSOUTH,906a1ec5-c786-4b14-9f7a-30e0c0f53255,NCAA Division I,D1,c5a8d640-5093-4044-851d-2c562e929994,d07a530c-ad54-4670-b19b-b45609234c8a
a3fef707-e4fc-48a0-82f1-f4ef01b76f45,48,1149,Charleston So.,Charleston Southern University,NCAA MEN,NCAAM,Big South,BIGSOUTH,906a1ec5-c786-4b14-9f7a-30e0c0f53255,NCAA Division I,D1,c5a8d640-5093-4044-851d-2c562e929994,316598dd-e7cf-4d9f-8b82-b2f64f8a3555
ca441726-0c57-4456-b1e7-fff098484fb5,792,1457,Winthrop,Winthrop University,NCAA MEN,NCAAM,Big South,BIGSOUTH,906a1ec5-c786-4b14-9f7a-30e0c0f53255,NCAA Division I,D1,c5a8d640-5093-4044-851d-2c562e929994,a9b1c631-adad-4b7b-a899-ca8847a31668
3556d445-b3f1-467e-b150-952b32dfb150,590,1357,Sacred Heart,Sacred Heart University,NCAA MEN,NCAAM,Northeast,NE,b71a249a-9cb8-4bfd-8971-e7ca7bed6700,NCAA Division I,D1,c5a8d640-5093-4044-851d-2c562e929994,4df99c2a-1592-44f0-927f-026bbff30904
82c12e8d-7c6c-47d8-b100-3cbc190d268e,361,1254,LIU Brooklyn,Long Island University-Brooklyn Campus,NCAA MEN,NCAAM,Northeast,NE,b71a249a-9cb8-4bfd-8971-e7ca7bed6700,NCAA Division I,D1,c5a8d640-5093-4044-851d-2c562e929994,50f96acd-05dc-4f2f-9531-6b3552992c12
b71d5a1b-2671-4e5a-b94b-06bfb22a27dd,222,1192,Fairleigh Dickinson,"Fairleigh Dickinson University, Metropolitan",NCAA MEN,NCAAM,Northeast,NE,b71a249a-9cb8-4bfd-8971-e7ca7bed6700,NCAA Division I,D1,c5a8d640-5093-4044-851d-2c562e929994,571ad5eb-310b-4421-9740-c041fe46780f
61dadefa-76bf-4db4-8067-f88df540b9cd,81,1136,Bryant,Bryant University,NCAA MEN,NCAAM,Northeast,NE,b71a249a-9cb8-4bfd-8971-e7ca7bed6700,NCAA Division I,D1,c5a8d640-5093-4044-851d-2c562e929994,0dd22162-56b0-4751-9687-e9a77e48f567
a93bf4f2-3724-4539-8c8a-9ac8ee3741a6,127,1148,Central Conn. St.,Central Connecticut State University,NCAA MEN,NCAAM,Northeast,NE,b71a249a-9cb8-4bfd-8971-e7ca7bed6700,NCAA Division I,D1,c5a8d640-5093-4044-851d-2c562e929994,3eab94b3-4b35-41f6-a94f-f24af6b5de62
3b644902-cd06-4930-9a3e-6c78cfb1f464,748,1447,Wagner,Wagner College,NCAA MEN,NCAAM,Northeast,NE,b71a249a-9cb8-4bfd-8971-e7ca7bed6700,NCAA Division I,D1,c5a8d640-5093-4044-851d-2c562e929994,254f6182-6d7d-401c-8b29-a95817c6bd9c
e19cfc47-f23f-4c64-ba29-2e6d12dc45b2,599,1383,St. Francis Brooklyn,St. Francis College (Brooklyn),NCAA MEN,NCAAM,Northeast,NE,b71a249a-9cb8-4bfd-8971-e7ca7bed6700,NCAA Division I,D1,c5a8d640-5093-4044-851d-2c562e929994,2ce2b66d-51a1-48f7-8dd5-a0ba0c9c95a7
5fe4a398-1699-4442-a364-305b2f0ac01e,450,1291,Mt. St. Mary's,Mount St. Mary's University,NCAA MEN,NCAAM,Northeast,NE,b71a249a-9cb8-4bfd-8971-e7ca7bed6700,NCAA Division I,D1,c5a8d640-5093-4044-851d-2c562e929994,450d8e7c-55d8-44c6-ac93-f16edd489da1
6637ac5f-59c2-4888-af34-a86d138ccfb3,600,1384,Saint Francis (PA),Saint Francis University (Pennsylvania),NCAA MEN,NCAAM,Northeast,NE,b71a249a-9cb8-4bfd-8971-e7ca7bed6700,NCAA Division I,D1,c5a8d640-5093-4044-851d-2c562e929994,25f66eab-a70c-446e-ae4c-6c3707f1f521
6906e22d-92fa-40cb-8c05-ec8391ac1979,579,1352,Robert Morris,Robert Morris University,NCAA MEN,NCAAM,Northeast,NE,b71a249a-9cb8-4bfd-8971-e7ca7bed6700,NCAA Division I,D1,c5a8d640-5093-4044-851d-2c562e929994,5c30dce4-6110-4032-bda5-f7fdad11ced7
e7ff6d5c-07e9-42af-955d-0a0b8c1e2288,474,1309,New Orleans,University of New Orleans,NCAA MEN,NCAAM,Southland,SOUTHLAND,763ae15d-32b0-476d-aa12-0c7f4a3cd423,NCAA Division I,D1,c5a8d640-5093-4044-851d-2c562e929994,f7ae94e9-d8f7-4471-8f1b-fa51b590b506
5ef64f01-86ae-4553-9834-c79cc0859eaf,676,1372,SFA,Stephen F. Austin State University,NCAA MEN,NCAAM,Southland,SOUTHLAND,763ae15d-32b0-476d-aa12-0c7f4a3cd423,NCAA Division I,D1,c5a8d640-5093-4044-851d-2c562e929994,a9381815-abb1-4d1c-a05f-30a7a3f66e29
dfc2dfb7-aa67-4c48-99c9-4fa6c6bc4355,1004,1146,Central Ark.,University of Central Arkansas,NCAA MEN,NCAAM,Southland,SOUTHLAND,763ae15d-32b0-476d-aa12-0c7f4a3cd423,NCAA Division I,D1,c5a8d640-5093-4044-851d-2c562e929994,7fd64804-c10e-487d-b6de-3774bc91507e
71874e7e-8260-43f9-bb7c-65f267dbe8ce,508,1322,Northwestern St.,Northwestern State University,NCAA MEN,NCAAM,Southland,SOUTHLAND,763ae15d-32b0-476d-aa12-0c7f4a3cd423,NCAA Division I,D1,c5a8d640-5093-4044-851d-2c562e929994,2445f589-822b-46e5-a146-3b47393ee96f
c0d19efd-d40c-4e32-8e90-dbcb28178b5d,483,1311,Nicholls St.,Nicholls State University,NCAA MEN,NCAAM,Southland,SOUTHLAND,763ae15d-32b0-476d-aa12-0c7f4a3cd423,NCAA Division I,D1,c5a8d640-5093-4044-851d-2c562e929994,2575a06f-aca7-42b7-8c57-f6b9290f2506
67322042-9c40-4dc2-b33a-4754c02ec82a,624,1358,Sam Houston St.,Sam Houston State University,NCAA MEN,NCAAM,Southland,SOUTHLAND,763ae15d-32b0-476d-aa12-0c7f4a3cd423,NCAA Division I,D1,c5a8d640-5093-4044-851d-2c562e929994,89aeec29-8563-40fa-8cb8-fa3960fa1ecf
95a27dc5-16d5-4745-9adb-34c41e1444e8,287,1223,Houston Baptist,Houston Baptist University,NCAA MEN,NCAAM,Southland,SOUTHLAND,763ae15d-32b0-476d-aa12-0c7f4a3cd423,NCAA Division I,D1,c5a8d640-5093-4044-851d-2c562e929994,6f9bfc44-a5f5-4573-94c8-7d5dfa9e5402
55cd5bb4-b030-4a7a-9652-6cebaf81c574,655,1368,Southeastern La.,Southeastern Louisiana University,NCAA MEN,NCAAM,Southland,SOUTHLAND,763ae15d-32b0-476d-aa12-0c7f4a3cd423,NCAA Division I,D1,c5a8d640-5093-4044-851d-2c562e929994,9e24a4e1-2568-4934-9d17-b7ee6f29997c
912671c7-19fd-451b-813e-885485427820,2743,1230,Incarnate Word,University of the Incarnate Word,NCAA MEN,NCAAM,Southland,SOUTHLAND,763ae15d-32b0-476d-aa12-0c7f4a3cd423,NCAA Division I,D1,c5a8d640-5093-4044-851d-2c562e929994,7f903d54-b6eb-48f1-9332-27f635991605
d2ef641c-70e4-48bb-b40d-ac654d179205,402,1270,McNeese,McNeese State University,NCAA MEN,NCAAM,Southland,SOUTHLAND,763ae15d-32b0-476d-aa12-0c7f4a3cd423,NCAA Division I,D1,c5a8d640-5093-4044-851d-2c562e929994,52b23cc3-b543-4a47-b656-65aeae5ba685
a52b2ece-1f87-45b5-ae1e-8d0920479965,2,1101,Abilene Christian,Abilene Christian University,NCAA MEN,NCAAM,Southland,SOUTHLAND,763ae15d-32b0-476d-aa12-0c7f4a3cd423,NCAA Division I,D1,c5a8d640-5093-4044-851d-2c562e929994,9470c2f2-baf7-442b-b51b-b534fa7a71d1
fe21a988-3e96-4f3c-8f9f-b449ccda43b0,26172,1394,A&M-Corpus Christi,Texas A&M University-Corpus Christi,NCAA MEN,NCAAM,Southland,SOUTHLAND,763ae15d-32b0-476d-aa12-0c7f4a3cd423,NCAA Division I,D1,c5a8d640-5093-4044-851d-2c562e929994,88c938d4-47ec-45de-bd04-11c53cc36581
eda6c307-1e0f-4a28-82f4-ee9653b343fb,346,1249,Lamar University,Lamar University,NCAA MEN,NCAAM,Southland,SOUTHLAND,763ae15d-32b0-476d-aa12-0c7f4a3cd423,NCAA Division I,D1,c5a8d640-5093-4044-851d-2c562e929994,92d5d5b6-74f2-4fd7-9063-74d758c0aeac
1da70895-f77f-44ef-b216-d63c02e696eb,529,1332,Oregon,University of Oregon,NCAA MEN,NCAAM,Pacific 12,PAC12,04d5255d-b2dc-43df-9fa8-d296b0f8ccd7,NCAA Division I,D1,c5a8d640-5093-4044-851d-2c562e929994,591ff737-8ad6-4a23-9de1-3721d5c4d8a1
ad4bc983-8d2e-4e6f-a8f9-80840a786c64,28,1113,Arizona St.,Arizona State University,NCAA MEN,NCAAM,Pacific 12,PAC12,04d5255d-b2dc-43df-9fa8-d296b0f8ccd7,NCAA Division I,D1,c5a8d640-5093-4044-851d-2c562e929994,1cfb6fcd-84c0-464a-b9bb-7ce687500dbc
ec0d6b67-4b16-4b50-92b2-1a651dae6b0f,110,1417,UCLA,"University of California, Los Angeles",NCAA MEN,NCAAM,Pacific 12,PAC12,04d5255d-b2dc-43df-9fa8-d296b0f8ccd7,NCAA Division I,D1,c5a8d640-5093-4044-851d-2c562e929994,e7547c99-c087-4245-b039-19dc1f8df1b0
683ab61f-546f-44da-b085-c3a5740554aa,674,1390,Stanford,Stanford University,NCAA MEN,NCAAM,Pacific 12,PAC12,04d5255d-b2dc-43df-9fa8-d296b0f8ccd7,NCAA Division I,D1,c5a8d640-5093-4044-851d-2c562e929994,9fe460a5-6d1e-4e27-a152-f867e2d6d099
0d037a5d-827a-44dd-8b70-57603d671d5d,732,1428,Utah,University of Utah,NCAA MEN,NCAAM,Pacific 12,PAC12,04d5255d-b2dc-43df-9fa8-d296b0f8ccd7,NCAA Division I,D1,c5a8d640-5093-4044-851d-2c562e929994,c06cdbce-91ba-4306-b31c-97df5cbf2515
9fccbf28-2858-4263-821c-fdefb3c7efa3,157,1160,Colorado,"University of Colorado, Boulder",NCAA MEN,NCAAM,Pacific 12,PAC12,04d5255d-b2dc-43df-9fa8-d296b0f8ccd7,NCAA Division I,D1,c5a8d640-5093-4044-851d-2c562e929994,9adf9df2-fc71-4c24-8ddf-ad77f4a935f8
532d3874-b4b3-4c5c-acc6-749a6db26c8f,528,1333,Oregon St.,Oregon State University,NCAA MEN,NCAAM,Pacific 12,PAC12,04d5255d-b2dc-43df-9fa8-d296b0f8ccd7,NCAA Division I,D1,c5a8d640-5093-4044-851d-2c562e929994,02ccdcd1-9754-4816-9c68-2f7b9a27f844
aacdc78d-b7fa-48f6-9686-2fdb8a95030e,107,1143,California,"University of California, Berkeley",NCAA MEN,NCAAM,Pacific 12,PAC12,04d5255d-b2dc-43df-9fa8-d296b0f8ccd7,NCAA Division I,D1,c5a8d640-5093-4044-851d-2c562e929994,bf0a9070-8049-41c9-9a4e-dfa0dcf6ad07
3a000455-de7c-4ca8-880e-abdce7f21da9,657,1425,Southern California,University of Southern California,NCAA MEN,NCAAM,Pacific 12,PAC12,04d5255d-b2dc-43df-9fa8-d296b0f8ccd7,NCAA Division I,D1,c5a8d640-5093-4044-851d-2c562e929994,d03346fb-8618-4ad7-bbd8-1554a003c472
e52c9644-717a-46f4-bf16-aeca000b3b44,756,1449,Washington,University of Washington,NCAA MEN,NCAAM,Pacific 12,PAC12,04d5255d-b2dc-43df-9fa8-d296b0f8ccd7,NCAA Division I,D1,c5a8d640-5093-4044-851d-2c562e929994,afe57543-ac2b-4b38-9f45-1b73ff001cc2
9b166a3f-e64b-4825-bb6b-92c6f0418263,29,1112,Arizona,University of Arizona,NCAA MEN,NCAAM,Pacific 12,PAC12,04d5255d-b2dc-43df-9fa8-d296b0f8ccd7,NCAA Division I,D1,c5a8d640-5093-4044-851d-2c562e929994,60c78748-ee0e-4764-9c8c-141e876d2abf
2d4f0015-adb4-4877-8c15-4a6eed7eed03,754,1450,Washington St.,Washington State University,NCAA MEN,NCAAM,Pacific 12,PAC12,04d5255d-b2dc-43df-9fa8-d296b0f8ccd7,NCAA Division I,D1,c5a8d640-5093-4044-851d-2c562e929994,cccd8a1b-21ba-40a5-b197-7561bc74cacb
441a11b4-b506-45b3-8030-fe72a4381c40,370,1258,Loyola Marymount,Loyola Marymount University,NCAA MEN,NCAAM,West Coast,WCC,c664ceee-1dc0-4743-a6d8-11fbdfb87f61,NCAA Division I,D1,c5a8d640-5093-4044-851d-2c562e929994,9a280441-3d85-474a-b744-6619d5b47342
28023973-1d9d-4d01-b939-dc8f9b44fb1c,631,1365,Santa Clara,Santa Clara University,NCAA MEN,NCAAM,West Coast,WCC,c664ceee-1dc0-4743-a6d8-11fbdfb87f61,NCAA Division I,D1,c5a8d640-5093-4044-851d-2c562e929994,8b5809f9-829a-4747-aa15-389ac66c4ec8
c9570e17-c4fd-41e6-908a-1a083941319d,534,1334,Pacific,University of the Pacific,NCAA MEN,NCAAM,West Coast,WCC,c664ceee-1dc0-4743-a6d8-11fbdfb87f61,NCAA Division I,D1,c5a8d640-5093-4044-851d-2c562e929994,ee6551cc-e4b5-4e08-906e-6184b5f6ab71
2f4d21f8-6d5f-48a5-abca-52a30583871a,260,1211,Gonzaga,Gonzaga University,NCAA MEN,NCAAM,West Coast,WCC,c664ceee-1dc0-4743-a6d8-11fbdfb87f61,NCAA Division I,D1,c5a8d640-5093-4044-851d-2c562e929994,88654386-5e00-4842-833c-28eaf88c63c2
224e3b21-30e7-4a05-9e8c-62721d581db8,551,1339,Portland,University of Portland,NCAA MEN,NCAAM,West Coast,WCC,c664ceee-1dc0-4743-a6d8-11fbdfb87f61,NCAA Division I,D1,c5a8d640-5093-4044-851d-2c562e929994,a754c20f-392b-4ed1-82c0-ae3b51edd3d0
c31455b2-8a45-4248-aa8f-ce7eab1c6b02,77,1140,BYU,Brigham Young University,NCAA MEN,NCAAM,West Coast,WCC,c664ceee-1dc0-4743-a6d8-11fbdfb87f61,NCAA Division I,D1,c5a8d640-5093-4044-851d-2c562e929994,b42b91c0-c88a-431b-9773-37792a417c00
d24efd99-8717-43b9-a086-9986a684ac04,629,1362,San Francisco,University of San Francisco,NCAA MEN,NCAAM,West Coast,WCC,c664ceee-1dc0-4743-a6d8-11fbdfb87f61,NCAA Division I,D1,c5a8d640-5093-4044-851d-2c562e929994,b2eac63f-d4cc-4666-a0ec-70fd763f0685
17479d6f-c8f1-458b-9412-8c76279a2bb4,541,1337,Pepperdine,Pepperdine University,NCAA MEN,NCAAM,West Coast,WCC,c664ceee-1dc0-4743-a6d8-11fbdfb87f61,NCAA Division I,D1,c5a8d640-5093-4044-851d-2c562e929994,cf466ec8-04ef-482f-9de1-0edc6e6e79ef
b18f34af-a7f1-4659-a2e5-fc11a31cd316,610,1388,Saint Mary's (CA),St. Mary's College of California,NCAA MEN,NCAAM,West Coast,WCC,c664ceee-1dc0-4743-a6d8-11fbdfb87f61,NCAA Division I,D1,c5a8d640-5093-4044-851d-2c562e929994,5545c11c-ef1e-464b-8465-af687cd6ac1e
620d5944-7156-47d3-aad5-5b3824557d03,627,1360,San Diego,University of San Diego,NCAA MEN,NCAAM,West Coast,WCC,c664ceee-1dc0-4743-a6d8-11fbdfb87f61,NCAA Division I,D1,c5a8d640-5093-4044-851d-2c562e929994,68e1c556-3a3d-4806-ba8f-c9407831cb71
ad9a3e21-4585-4e35-8946-290fe4a16f18,340,1247,La Salle,La Salle University,NCAA MEN,NCAAM,Atlantic 10,A10,db136c00-f45b-4af6-bc7d-ffff216f2e5d,NCAA Division I,D1,c5a8d640-5093-4044-851d-2c562e929994,d4058f9b-1f61-4dc5-88bd-1da6ef24d343
22d90601-19d4-461b-a901-924d12f116ed,596,1382,St. Bonaventure,St. Bonaventure University,NCAA MEN,NCAAM,Atlantic 10,A10,db136c00-f45b-4af6-bc7d-ffff216f2e5d,NCAA Division I,D1,c5a8d640-5093-4044-851d-2c562e929994,2c82a851-e106-4ceb-ac68-dbd411d8dc9e
7888d144-563d-4f84-b99b-d120aecf1fef,236,1200,Fordham,Fordham University,NCAA MEN,NCAAM,Atlantic 10,A10,db136c00-f45b-4af6-bc7d-ffff216f2e5d,NCAA Division I,D1,c5a8d640-5093-4044-851d-2c562e929994,55b2714f-a468-4f6e-94b3-c3461597d69d
1e42cce3-236b-4f3e-9650-2c45e6332e1e,609,1387,Saint Louis,Saint Louis University,NCAA MEN,NCAAM,Atlantic 10,A10,db136c00-f45b-4af6-bc7d-ffff216f2e5d,NCAA Division I,D1,c5a8d640-5093-4044-851d-2c562e929994,4a7de569-38c5-4881-a2cc-8c98efeaac07
f9e4261e-d11d-46c4-bd33-c7bbc94ef0e8,606,1386,Saint Joseph's,Saint Joseph's University,NCAA MEN,NCAAM,Atlantic 10,A10,db136c00-f45b-4af6-bc7d-ffff216f2e5d,NCAA Division I,D1,c5a8d640-5093-4044-851d-2c562e929994,355c9ec8-0742-4071-87ea-c5e6ddab2a47
88104678-e53b-43b3-82f7-efb3a11cedb9,400,1269,Massachusetts,"University of Massachusetts, Amherst",NCAA MEN,NCAAM,Atlantic 10,A10,db136c00-f45b-4af6-bc7d-ffff216f2e5d,NCAA Division I,D1,c5a8d640-5093-4044-851d-2c562e929994,e1276102-db24-4188-9558-f249d69526f5
d52c3640-069c-4554-982e-e6537c8044f1,249,1203,George Washington,George Washington University,NCAA MEN,NCAAM,Atlantic 10,A10,db136c00-f45b-4af6-bc7d-ffff216f2e5d,NCAA Division I,D1,c5a8d640-5093-4044-851d-2c562e929994,f5b4c291-b7da-455f-8512-5c9d44248534
7e42bca2-3cd7-4aca-aa46-f190fe5d8eb4,572,1348,Rhode Island,University of Rhode Island,NCAA MEN,NCAAM,Atlantic 10,A10,db136c00-f45b-4af6-bc7d-ffff216f2e5d,NCAA Division I,D1,c5a8d640-5093-4044-851d-2c562e929994,43178c25-0152-4c14-ac9c-7253d2999fa7
c1c1e6df-a383-4fbd-ba7b-32d4f9ef9518,740,1433,VCU,Virginia Commonwealth University,NCAA MEN,NCAAM,Atlantic 10,A10,db136c00-f45b-4af6-bc7d-ffff216f2e5d,NCAA Division I,D1,c5a8d640-5093-4044-851d-2c562e929994,c1cb6473-0799-4397-aee9-063ec6931bff
fea46ac5-6dad-43cd-a770-75554dbcc118,194,1182,Duquesne,Duquesne University,NCAA MEN,NCAAM,Atlantic 10,A10,db136c00-f45b-4af6-bc7d-ffff216f2e5d,NCAA Division I,D1,c5a8d640-5093-4044-851d-2c562e929994,d819616b-1825-4192-af0b-32560ff26899
632616c5-2dbb-4017-a449-c9dfc303f026,175,1173,Dayton,University of Dayton,NCAA MEN,NCAAM,Atlantic 10,A10,db136c00-f45b-4af6-bc7d-ffff216f2e5d,NCAA Division I,D1,c5a8d640-5093-4044-851d-2c562e929994,e43e6693-1879-433e-8287-0929d4b9b375
2920c5fa-1e86-4958-a7c4-1e97b8e201d8,173,1172,Davidson,Davidson College,NCAA MEN,NCAAM,Atlantic 10,A10,db136c00-f45b-4af6-bc7d-ffff216f2e5d,NCAA Division I,D1,c5a8d640-5093-4044-851d-2c562e929994,32433265-e022-4be1-bcd5-5883fe3155e9
9b66e1e0-aace-4671-9be2-54c8acf5ecfc,575,1350,Richmond,University of Richmond,NCAA MEN,NCAAM,Atlantic 10,A10,db136c00-f45b-4af6-bc7d-ffff216f2e5d,NCAA Division I,D1,c5a8d640-5093-4044-851d-2c562e929994,a04a20be-10b1-4556-bdc1-5874dfbd589e
e76479d0-a768-46d2-89bf-7b9dae12bec8,248,1206,George Mason,George Mason University,NCAA MEN,NCAAM,Atlantic 10,A10,db136c00-f45b-4af6-bc7d-ffff216f2e5d,NCAA Division I,D1,c5a8d640-5093-4044-851d-2c562e929994,74004fda-5a29-4769-99e7-b1c147ba37db
23fec4e7-108f-4569-85d1-bef2f794e925,201,1183,Eastern Ill.,Eastern Illinois University,NCAA MEN,NCAAM,Ohio Valley,OVC,0f3991a1-8c5f-4a8e-8fab-d0ebbb21c35c,NCAA Division I,D1,c5a8d640-5093-4044-851d-2c562e929994,98445659-5230-469d-95fd-471ab579d2ef
fe037cba-25d9-42f5-a461-61d7102c17de,692,1399,Tennessee Tech,Tennessee Technological University,NCAA MEN,NCAAM,Ohio Valley,OVC,0f3991a1-8c5f-4a8e-8fab-d0ebbb21c35c,NCAA Division I,D1,c5a8d640-5093-4044-851d-2c562e929994,10268640-b52c-4959-ac59-7ec0172561f5
a0a22502-0d84-440c-84af-1fbb070ad54c,14927,1125,Belmont,Belmont University,NCAA MEN,NCAAM,Ohio Valley,OVC,0f3991a1-8c5f-4a8e-8fab-d0ebbb21c35c,NCAA Division I,D1,c5a8d640-5093-4044-851d-2c562e929994,8af089c8-7dc5-44a5-917c-fc0bb9040e0c
13358462-e05b-4449-8688-90c4622cdde8,315,1240,Jacksonville St.,Jacksonville State University,NCAA MEN,NCAAM,Ohio Valley,OVC,0f3991a1-8c5f-4a8e-8fab-d0ebbb21c35c,NCAA Division I,D1,c5a8d640-5093-4044-851d-2c562e929994,7e440eb5-7e21-4f97-8f88-c39852009991
9febd5fa-982f-4f40-ad1d-8e49be96cf4f,695,1404,UT Martin,University of Tennessee at Martin,NCAA MEN,NCAAM,Ohio Valley,OVC,0f3991a1-8c5f-4a8e-8fab-d0ebbb21c35c,NCAA Division I,D1,c5a8d640-5093-4044-851d-2c562e929994,e9969453-033e-4fdd-99dc-5212240c8c9b
87721c44-53a2-47aa-9b3a-0f1c99b0f328,691,1398,Tennessee St.,Tennessee State University,NCAA MEN,NCAAM,Ohio Valley,OVC,0f3991a1-8c5f-4a8e-8fab-d0ebbb21c35c,NCAA Division I,D1,c5a8d640-5093-4044-851d-2c562e929994,41300711-0d9a-4501-bda0-f2841fbdec2e
77a69fb0-1355-4342-ac09-b4cc7949d95e,454,1293,Murray St.,Murray State University,NCAA MEN,NCAAM,Ohio Valley,OVC,0f3991a1-8c5f-4a8e-8fab-d0ebbb21c35c,NCAA Division I,D1,c5a8d640-5093-4044-851d-2c562e929994,0889bc9d-7348-478e-801c-8c71a2417bbb
c206712f-2298-4279-b76c-834ac42809b9,660,1188,SIUE,Southern Illinois University Edwardsville,NCAA MEN,NCAAM,Ohio Valley,OVC,0f3991a1-8c5f-4a8e-8fab-d0ebbb21c35c,NCAA Division I,D1,c5a8d640-5093-4044-851d-2c562e929994,4b6b39a9-d8dc-4af0-b879-03865bd4808a
a0fdb660-a822-4337-b01d-31c4d2c99c8a,43,1122,Austin Peay,Austin Peay State University,NCAA MEN,NCAAM,Ohio Valley,OVC,0f3991a1-8c5f-4a8e-8fab-d0ebbb21c35c,NCAA Division I,D1,c5a8d640-5093-4044-851d-2c562e929994,61d49f1f-05d1-4f0a-89d9-c2aaf51812ea
e48e3dd5-721c-4d96-8ff4-790fe2597bfd,202,1184,Eastern Ky.,Eastern Kentucky University,NCAA MEN,NCAAM,Ohio Valley,OVC,0f3991a1-8c5f-4a8e-8fab-d0ebbb21c35c,NCAA Division I,D1,c5a8d640-5093-4044-851d-2c562e929994,730eda92-17aa-479c-aa90-05864f00d132
b7747a03-c85b-4de6-94bf-1b5b68553248,444,1287,Morehead St.,Morehead State University,NCAA MEN,NCAAM,Ohio Valley,OVC,0f3991a1-8c5f-4a8e-8fab-d0ebbb21c35c,NCAA Division I,D1,c5a8d640-5093-4044-851d-2c562e929994,4ff71c66-7ac0-4726-a1b5-9f4706933b72
6a7083ab-1832-48c0-9168-427b35adbcde,654,1369,Southeast Mo. St.,Southeast Missouri State University,NCAA MEN,NCAAM,Ohio Valley,OVC,0f3991a1-8c5f-4a8e-8fab-d0ebbb21c35c,NCAA Division I,D1,c5a8d640-5093-4044-851d-2c562e929994,1d7f1e41-996f-421c-bee9-d98388be3e27
dba620d9-7282-4638-bf05-13caf48eeed1,272,1216,Hartford,University of Hartford,NCAA MEN,NCAAM,America East,AE,b11c69c8-e2cc-4a36-bd3b-80cdf91fef57,NCAA Division I,D1,c5a8d640-5093-4044-851d-2c562e929994,c756de35-f112-4ada-8b8d-ab8166fcf25f
290a5130-836d-45e6-824f-28704d6ba246,14,1107,Albany (NY),University at Albany,NCAA MEN,NCAAM,America East,AE,b11c69c8-e2cc-4a36-bd3b-80cdf91fef57,NCAA Division I,D1,c5a8d640-5093-4044-851d-2c562e929994,10fba26a-dbee-43ab-838d-4569751a51cb
18e89867-9201-41ce-ba19-fadddf92fa17,738,1436,Vermont,University of Vermont,NCAA MEN,NCAAM,America East,AE,b11c69c8-e2cc-4a36-bd3b-80cdf91fef57,NCAA Division I,D1,c5a8d640-5093-4044-851d-2c562e929994,4d788fa1-8d4e-48ff-9307-021d51c0ae41
93cb009e-5bbf-4081-b2c9-44028fe28096,469,1306,New Hampshire,University of New Hampshire,NCAA MEN,NCAAM,America East,AE,b11c69c8-e2cc-4a36-bd3b-80cdf91fef57,NCAA Division I,D1,c5a8d640-5093-4044-851d-2c562e929994,d6d410cc-784c-4f6f-8f4f-42277ab64e49
0095032d-6143-44f2-8974-f6815fc56c5b,380,1263,Maine,"University of Maine, Orono",NCAA MEN,NCAAM,America East,AE,b11c69c8-e2cc-4a36-bd3b-80cdf91fef57,NCAA Division I,D1,c5a8d640-5093-4044-851d-2c562e929994,642adf20-db5a-4f54-a31c-76ab0dc26b34
32755362-6336-4dd3-ac34-6f72a6cc150b,391,1420,UMBC,"University of Maryland, Baltimore County",NCAA MEN,NCAAM,America East,AE,b11c69c8-e2cc-4a36-bd3b-80cdf91fef57,NCAA Division I,D1,c5a8d640-5093-4044-851d-2c562e929994,6b73a90c-8c09-439e-bae6-3593004d026f
fa0f8282-c4f1-490e-962c-f25350cd76f4,62,1127,Binghamton,Binghamton University,NCAA MEN,NCAAM,America East,AE,b11c69c8-e2cc-4a36-bd3b-80cdf91fef57,NCAA Division I,D1,c5a8d640-5093-4044-851d-2c562e929994,1b2826b2-20b5-419d-9c15-ea00a933d561
23426c0b-1705-4dfb-a0e2-efdbdd8fd6f6,683,1392,Stony Brook,Stony Brook University,NCAA MEN,NCAAM,America East,AE,b11c69c8-e2cc-4a36-bd3b-80cdf91fef57,NCAA Division I,D1,c5a8d640-5093-4044-851d-2c562e929994,5cfb3d90-97ba-4974-ad4b-ced2ccdce43a
4927ef8b-e680-4fb8-b10e-2ea3eff32eab,368,1262,UMass Lowell,University of Massachusetts Lowell,NCAA MEN,NCAAM,America East,AE,b11c69c8-e2cc-4a36-bd3b-80cdf91fef57,NCAA Division I,D1,c5a8d640-5093-4044-851d-2c562e929994,7df9ab11-4444-4754-bde5-75c717a69ee2
fb28bd56-9e56-40c1-992d-71c1e27fe4fd,316,1239,Jacksonville,Jacksonville University,NCAA MEN,NCAAM,Atlantic Sun,AS,888a4792-c632-447f-a8fd-fb0b6f04ce8e,NCAA Division I,D1,c5a8d640-5093-4044-851d-2c562e929994,07cdd9d3-9dd1-47fe-a7f3-35aeed44ee5f
5326c079-3dc3-468f-a601-b776dd9c1e62,28755,1195,FGCU,Florida Gulf Coast University,NCAA MEN,NCAAM,Atlantic Sun,AS,888a4792-c632-447f-a8fd-fb0b6f04ce8e,NCAA Division I,D1,c5a8d640-5093-4044-851d-2c562e929994,f334df76-6386-4756-a894-d34b3d1ccb00
a2b8223d-40b3-4076-b5df-55655c2f8591,28600,1252,Lipscomb,Lipscomb University,NCAA MEN,NCAAM,Atlantic Sun,AS,888a4792-c632-447f-a8fd-fb0b6f04ce8e,NCAA Division I,D1,c5a8d640-5093-4044-851d-2c562e929994,7b9ba71a-e338-4b3d-82fa-edda216d082a
09920a5f-1b25-466c-b5ae-6167214f5ba9,2711,1316,North Florida,University of North Florida,NCAA MEN,NCAAM,Atlantic Sun,AS,888a4792-c632-447f-a8fd-fb0b6f04ce8e,NCAA Division I,D1,c5a8d640-5093-4044-851d-2c562e929994,8ce53c13-866e-4485-a422-8efa5d8987e5
500d7223-ecff-494b-9539-28427156c783,471,1312,NJIT,New Jersey Institute of Technology,NCAA MEN,NCAAM,Atlantic Sun,AS,888a4792-c632-447f-a8fd-fb0b6f04ce8e,NCAA Division I,D1,c5a8d640-5093-4044-851d-2c562e929994,58f727d5-5df2-46be-adef-21dbc09628fc
2e78bd1b-9422-491e-9c73-37cf83b0e34e,10411,1367,USC Upstate,University of South Carolina Upstate,NCAA MEN,NCAAM,Atlantic Sun,AS,888a4792-c632-447f-a8fd-fb0b6f04ce8e,NCAA Division I,D1,c5a8d640-5093-4044-851d-2c562e929994,446a1e84-6d3b-4d1a-9902-e3ecc6c94445
2e8442e9-bd09-4d46-9dd3-de79433287f3,1157,1244,Kennesaw St.,Kennesaw State University,NCAA MEN,NCAAM,Atlantic Sun,AS,888a4792-c632-447f-a8fd-fb0b6f04ce8e,NCAA Division I,D1,c5a8d640-5093-4044-851d-2c562e929994,6735e27c-1cce-4bd8-bb51-84c6a8170bf9
394d1b2b-7a19-4d43-b04a-5f366c24e5bf,678,1391,Stetson,Stetson University,NCAA MEN,NCAAM,Atlantic Sun,AS,888a4792-c632-447f-a8fd-fb0b6f04ce8e,NCAA Division I,D1,c5a8d640-5093-4044-851d-2c562e929994,58d556b7-b20e-4125-90bb-d45c343671ae
56fe0ab2-e4f0-47b9-8726-9ce23ebcde20,5,1103,Akron,University of Akron,NCAA MEN,NCAAM,Mid-American,MAC,9f1cd1d6-fb03-493d-b278-b74ce25cc57b,NCAA Division I,D1,c5a8d640-5093-4044-851d-2c562e929994,ca06b2d0-adb4-4ce4-9905-558d2ea5787b
472c22e0-843d-472c-a871-f1593fb0725d,129,1141,Central Mich.,Central Michigan University,NCAA MEN,NCAAM,Mid-American,MAC,9f1cd1d6-fb03-493d-b278-b74ce25cc57b,NCAA Division I,D1,c5a8d640-5093-4044-851d-2c562e929994,6ad08551-2048-4083-8d25-a1fd2a7e6c30
315c4deb-3c9d-413d-a369-7168f2545d21,47,1123,Ball St.,Ball State University,NCAA MEN,NCAAM,Mid-American,MAC,9f1cd1d6-fb03-493d-b278-b74ce25cc57b,NCAA Division I,D1,c5a8d640-5093-4044-851d-2c562e929994,32d6bdb0-2dda-4915-ba43-442c24616ca5
a9e4d292-d074-40e7-a81a-f9342929b979,71,1132,Bowling Green,Bowling Green State University,NCAA MEN,NCAAM,Mid-American,MAC,9f1cd1d6-fb03-493d-b278-b74ce25cc57b,NCAA Division I,D1,c5a8d640-5093-4044-851d-2c562e929994,46c56f9d-873c-44db-a004-4ffa5e2a6e8f
327f09e2-e75f-4014-8ef7-caf9202cd583,519,1325,Ohio,Ohio University,NCAA MEN,NCAAM,Mid-American,MAC,9f1cd1d6-fb03-493d-b278-b74ce25cc57b,NCAA Division I,D1,c5a8d640-5093-4044-851d-2c562e929994,5a08df5d-2e1d-4b75-8672-7815ee497a72
1165ca31-f181-4206-b727-c4e897e4b5cd,414,1275,Miami (OH),Miami University (Ohio),NCAA MEN,NCAAM,Mid-American,MAC,9f1cd1d6-fb03-493d-b278-b74ce25cc57b,NCAA Division I,D1,c5a8d640-5093-4044-851d-2c562e929994,c75510eb-181a-4213-a68c-2fdfd1525056
2ed86226-3fff-4083-90fa-6b02307e6f73,204,1185,Eastern Mich.,Eastern Michigan University,NCAA MEN,NCAAM,Mid-American,MAC,9f1cd1d6-fb03-493d-b278-b74ce25cc57b,NCAA Division I,D1,c5a8d640-5093-4044-851d-2c562e929994,9e847e81-5cd1-4740-a96c-e7c0c81f74e1
f2164f01-2cbc-4967-bb1c-93656d790921,774,1444,Western Mich.,Western Michigan University,NCAA MEN,NCAAM,Mid-American,MAC,9f1cd1d6-fb03-493d-b278-b74ce25cc57b,NCAA Division I,D1,c5a8d640-5093-4044-851d-2c562e929994,ca196fec-4fde-4b62-8736-369f40034c41
3da4798c-2d58-4dac-b66e-ad145a91b544,331,1245,Kent St.,Kent State University,NCAA MEN,NCAAM,Mid-American,MAC,9f1cd1d6-fb03-493d-b278-b74ce25cc57b,NCAA Division I,D1,c5a8d640-5093-4044-851d-2c562e929994,ede23d56-aa67-42ab-88a9-b373c37480a4
34dd83ac-64f2-4b73-8577-899b2a46f5cc,709,1405,Toledo,University of Toledo,NCAA MEN,NCAAM,Mid-American,MAC,9f1cd1d6-fb03-493d-b278-b74ce25cc57b,NCAA Division I,D1,c5a8d640-5093-4044-851d-2c562e929994,9770a04e-e7a8-4665-9fff-419191dc5664
3f0ac618-3742-471a-9d1f-03e08f3deca2,503,1296,Northern Ill.,Northern Illinois University,NCAA MEN,NCAAM,Mid-American,MAC,9f1cd1d6-fb03-493d-b278-b74ce25cc57b,NCAA Division I,D1,c5a8d640-5093-4044-851d-2c562e929994,1909c333-6288-4fdc-9786-8d9671f95500
a9f5c9a2-342c-4881-9996-5d5c05ec9bd9,86,1138,Buffalo,"University at Buffalo, the State University of New York",NCAA MEN,NCAAM,Mid-American,MAC,9f1cd1d6-fb03-493d-b278-b74ce25cc57b,NCAA Division I,D1,c5a8d640-5093-4044-851d-2c562e929994,8ae2e412-05c5-4501-9d57-f44a552f15a7
2267a1f4-68f6-418b-aaf6-2aa0c4b291f1,334,1246,Kentucky,University of Kentucky,NCAA MEN,NCAAM,Southeastern,SEC,9ed9d01e-977c-4ba7-ac7d-64035039461c,NCAA Division I,D1,c5a8d640-5093-4044-851d-2c562e929994,fc615ca5-dff2-4477-b494-8acd27938c97
4f4b0771-994c-4126-822d-7525aaa00f65,257,1208,Georgia,University of Georgia,NCAA MEN,NCAAM,Southeastern,SEC,9ed9d01e-977c-4ba7-ac7d-64035039461c,NCAA Division I,D1,c5a8d640-5093-4044-851d-2c562e929994,cca2ae08-85d1-49f0-8e1a-af76f59ae22f
77ca152a-cb2f-48a5-97b2-492351250d94,434,1281,Missouri,"University of Missouri, Columbia",NCAA MEN,NCAAM,Southeastern,SEC,9ed9d01e-977c-4ba7-ac7d-64035039461c,NCAA Division I,D1,c5a8d640-5093-4044-851d-2c562e929994,1c6cc638-96cd-49fd-9668-64325c39d39b
ef184799-d79b-49d9-a662-991eaf4044cd,697,1401,Texas A&M,"Texas A&M University, College Station",NCAA MEN,NCAAM,Southeastern,SEC,9ed9d01e-977c-4ba7-ac7d-64035039461c,NCAA Division I,D1,c5a8d640-5093-4044-851d-2c562e929994,fb318815-e6ad-4a68-bac1-1e3f64c39f3b
d7d668ec-edaa-4d6b-be25-2ebba4128643,433,1279,Ole Miss,University of Mississippi,NCAA MEN,NCAAM,Southeastern,SEC,9ed9d01e-977c-4ba7-ac7d-64035039461c,NCAA Division I,D1,c5a8d640-5093-4044-851d-2c562e929994,90777d6e-cc3b-4fdd-8801-f20e07bf8a60
b827dbdf-230f-4916-9703-3bb9004e26eb,694,1397,Tennessee,"University of Tennessee, Knoxville",NCAA MEN,NCAAM,Southeastern,SEC,9ed9d01e-977c-4ba7-ac7d-64035039461c,NCAA Division I,D1,c5a8d640-5093-4044-851d-2c562e929994,33c07c5e-4ebe-4bec-a43d-78a679840ba7
c70c23c4-ab09-4797-a1af-792c848ab17f,31,1116,Arkansas,"University of Arkansas, Fayetteville",NCAA MEN,NCAAM,Southeastern,SEC,9ed9d01e-977c-4ba7-ac7d-64035039461c,NCAA Division I,D1,c5a8d640-5093-4044-851d-2c562e929994,a5718f89-a8e8-4fca-8015-4fcd7eb2353a
72971b77-1d35-40b3-bb63-4c5b29f3d22b,736,1435,Vanderbilt,Vanderbilt University,NCAA MEN,NCAAM,Southeastern,SEC,9ed9d01e-977c-4ba7-ac7d-64035039461c,NCAA Division I,D1,c5a8d640-5093-4044-851d-2c562e929994,c0cb7e8d-05c3-41db-9874-7a6436ca3800
c2104cdc-c83d-40d2-a3cd-df986e29f5d3,8,1104,Alabama,University of Alabama,NCAA MEN,NCAAM,Southeastern,SEC,9ed9d01e-977c-4ba7-ac7d-64035039461c,NCAA Division I,D1,c5a8d640-5093-4044-851d-2c562e929994,a48ecb87-3324-4b79-846e-a51d1c16d423
70e2bedd-3a0a-479c-ac99-e3f58aa6824b,365,1261,LSU,Louisiana State University,NCAA MEN,NCAAM,Southeastern,SEC,9ed9d01e-977c-4ba7-ac7d-64035039461c,NCAA Division I,D1,c5a8d640-5093-4044-851d-2c562e929994,615abad7-6aab-4960-bbfa-7b305bcac30f
a1ba4b89-d97c-44e2-835f-79ad3ccaa5ae,430,1280,Mississippi St.,Mississippi State University,NCAA MEN,NCAAM,Southeastern,SEC,9ed9d01e-977c-4ba7-ac7d-64035039461c,NCAA Division I,D1,c5a8d640-5093-4044-851d-2c562e929994,8949bf74-cf16-4c7c-8e8a-bc92b6f85d23
912f8837-1d81-4ef9-a576-a21f271d4c64,235,1196,Florida,University of Florida,NCAA MEN,NCAAM,Southeastern,SEC,9ed9d01e-977c-4ba7-ac7d-64035039461c,NCAA Division I,D1,c5a8d640-5093-4044-851d-2c562e929994,2a1b8d6e-c275-4f77-a5dd-5d0154667a5d
0c0608b3-f349-4f5e-9a10-7e6a744dd0d2,37,1120,Auburn,Auburn University,NCAA MEN,NCAAM,Southeastern,SEC,9ed9d01e-977c-4ba7-ac7d-64035039461c,NCAA Division I,D1,c5a8d640-5093-4044-851d-2c562e929994,0b181487-42ee-4324-9785-bf798c2b4c10
1c7ec608-3b36-4cee-adac-9265e3792597,648,1376,South Carolina,"University of South Carolina, Columbia",NCAA MEN,NCAAM,Southeastern,SEC,9ed9d01e-977c-4ba7-ac7d-64035039461c,NCAA Division I,D1,c5a8d640-5093-4044-851d-2c562e929994,874fedd5-4ab8-41fd-8b33-1ad9e93ed73a
a7127c0a-a466-47ae-91ad-9a71ee2c9427,811,1461,Wyoming,University of Wyoming,NCAA MEN,NCAAM,Mountain West,MWC,93a776e4-d390-48e1-95bb-74945457366a,NCAA Division I,D1,c5a8d640-5093-4044-851d-2c562e929994,32e70ac7-27f7-4a28-92a4-8584180cf3ca
1a470730-f328-4fb1-8bbf-36a069e4d6b2,156,1161,Colorado St.,Colorado State University,NCAA MEN,NCAAM,Mountain West,MWC,93a776e4-d390-48e1-95bb-74945457366a,NCAA Division I,D1,c5a8d640-5093-4044-851d-2c562e929994,f76571ff-1fbc-4b9d-b814-dd1fb6f48578
dd8db4d8-d984-4cab-b7f6-22c6b8c2c45f,96,1201,Fresno St.,"California State University, Fresno",NCAA MEN,NCAAM,Mountain West,MWC,93a776e4-d390-48e1-95bb-74945457366a,NCAA Division I,D1,c5a8d640-5093-4044-851d-2c562e929994,42ee85c2-2839-47b4-9358-fa6168be480e
68a3227f-677f-43b0-9a3a-cad79d0df9e2,465,1424,UNLV,"University of Nevada, Las Vegas",NCAA MEN,NCAAM,Mountain West,MWC,93a776e4-d390-48e1-95bb-74945457366a,NCAA Division I,D1,c5a8d640-5093-4044-851d-2c562e929994,1c5db5ab-5da3-4707-b198-4588508686f2
29de4e5e-ee5b-48c8-bffc-1972e7da1e30,630,1363,San Jose St.,San Jose State University,NCAA MEN,NCAAM,Mountain West,MWC,93a776e4-d390-48e1-95bb-74945457366a,NCAA Division I,D1,c5a8d640-5093-4044-851d-2c562e929994,7ba1442a-fd2a-463f-82c0-c5ac49a7de0d
62a73b4a-e281-4483-a1f8-f1160a18e456,466,1305,Nevada,University of Nevada,NCAA MEN,NCAAM,Mountain West,MWC,93a776e4-d390-48e1-95bb-74945457366a,NCAA Division I,D1,c5a8d640-5093-4044-851d-2c562e929994,d06f9894-d231-44f1-8788-33b28e1dfd3e
1b1977ec-b32f-4ce3-95a4-d07bab4816cd,473,1307,New Mexico,University of New Mexico,NCAA MEN,NCAAM,Mountain West,MWC,93a776e4-d390-48e1-95bb-74945457366a,NCAA Division I,D1,c5a8d640-5093-4044-851d-2c562e929994,7b2ab214-8e42-4736-b16c-1c91df7b509f
7672ff16-8436-47e6-8546-0fb5494ec7ee,731,1429,Utah St.,Utah State University,NCAA MEN,NCAAM,Mountain West,MWC,93a776e4-d390-48e1-95bb-74945457366a,NCAA Division I,D1,c5a8d640-5093-4044-851d-2c562e929994,c38b45fa-9c9c-48c1-9856-1c8df393edfe
c1c54dbf-805c-47fc-a707-c803e94db2a4,66,1129,Boise St.,Boise State University,NCAA MEN,NCAAM,Mountain West,MWC,93a776e4-d390-48e1-95bb-74945457366a,NCAA Division I,D1,c5a8d640-5093-4044-851d-2c562e929994,4df95e97-ba45-49d0-b8b2-e7e4a49e3f91
e6914f16-ca37-4d2e-ba26-a425910283e2,626,1361,San Diego St.,San Diego State University,NCAA MEN,NCAAM,Mountain West,MWC,93a776e4-d390-48e1-95bb-74945457366a,NCAA Division I,D1,c5a8d640-5093-4044-851d-2c562e929994,79da0063-8ef0-4c77-ac98-26e724b0c2f9
aa7af640-5762-4686-9181-39f7b8a8186e,721,1102,Air Force,U.S. Air Force Academy,NCAA MEN,NCAAM,Mountain West,MWC,93a776e4-d390-48e1-95bb-74945457366a,NCAA Division I,D1,c5a8d640-5093-4044-851d-2c562e929994,be3d2087-13cb-478f-a460-9955288df206
cc9e5424-ab3b-41ec-b2aa-7e8a73d759c6,771,1442,Western Ill.,Western Illinois University,NCAA MEN,NCAAM,Summit League,SUMMIT,49665f99-1a5f-434f-b841-ddde229f0eb9,NCAA Division I,D1,c5a8d640-5093-4044-851d-2c562e929994,839a82a3-9aec-4cb8-9f26-d4c19b61e7a3
984e7518-e418-45d5-9797-979b8c2085c1,493,1295,North Dakota St.,North Dakota State University,NCAA MEN,NCAAM,Summit League,SUMMIT,49665f99-1a5f-434f-b841-ddde229f0eb9,NCAA Division I,D1,c5a8d640-5093-4044-851d-2c562e929994,e342ae66-5a25-4085-883b-2850da784221
6ef40534-5fad-4755-84de-7dcbd645d1f0,649,1355,South Dakota St.,South Dakota State University,NCAA MEN,NCAAM,Summit League,SUMMIT,49665f99-1a5f-434f-b841-ddde229f0eb9,NCAA Division I,D1,c5a8d640-5093-4044-851d-2c562e929994,982c554c-7900-48f0-b75d-a4888280ac16
22984593-0701-4648-b8a8-f6d695238620,308,1236,Fort Wayne,"Indiana University-Purdue University, Fort Wayne",NCAA MEN,NCAAM,Summit League,SUMMIT,49665f99-1a5f-434f-b841-ddde229f0eb9,NCAA Division I,D1,c5a8d640-5093-4044-851d-2c562e929994,45657556-c982-480a-a8fd-2e76e7982f74
68d2aa5b-714f-4652-96f3-b71e1752413f,464,1303,Omaha,University of Nebraska Omaha,NCAA MEN,NCAAM,Summit League,SUMMIT,49665f99-1a5f-434f-b841-ddde229f0eb9,NCAA Division I,D1,c5a8d640-5093-4044-851d-2c562e929994,1f3c3f78-bf82-4e83-aef8-a3b9967de10c
6f676cba-c1f9-45a4-9016-fb408fd525b1,183,1176,Denver,University of Denver,NCAA MEN,NCAAM,Summit League,SUMMIT,49665f99-1a5f-434f-b841-ddde229f0eb9,NCAA Division I,D1,c5a8d640-5093-4044-851d-2c562e929994,294938ed-ed6c-4f67-a121-720420ffd76a
095417ae-62b0-4109-afc4-d92918599dd4,527,1331,Oral Roberts,Oral Roberts University,NCAA MEN,NCAAM,Summit League,SUMMIT,49665f99-1a5f-434f-b841-ddde229f0eb9,NCAA Division I,D1,c5a8d640-5093-4044-851d-2c562e929994,505ec6d0-d2ec-4e8b-bbc1-fc0eec75117e
c946b7ac-5159-4817-93c4-fc9495c6425b,650,1377,South Dakota,University of South Dakota,NCAA MEN,NCAAM,Summit League,SUMMIT,49665f99-1a5f-434f-b841-ddde229f0eb9,NCAA Division I,D1,c5a8d640-5093-4044-851d-2c562e929994,6cb58d87-94f0-4093-bc52-baa0fbe8e02a
0f63a6f5-bda7-4fd9-9271-8d33f555ca19,255,1210,Georgia Tech,Georgia Institute of Technology,NCAA MEN,NCAAM,Atlantic Coast,ACC,88368ebb-01fb-44d5-a6c6-3e7d46bb3ab7,NCAA Division I,D1,c5a8d640-5093-4044-851d-2c562e929994,c5e846e9-2860-4c55-8352-c3a4587afe27
dcf5c2e7-c227-4c20-af26-715d5f859412,147,1155,Clemson,Clemson University,NCAA MEN,NCAAM,Atlantic Coast,ACC,88368ebb-01fb-44d5-a6c6-3e7d46bb3ab7,NCAA Division I,D1,c5a8d640-5093-4044-851d-2c562e929994,df6020ac-3b07-4686-9380-8ee7cda4d25a
b795ddbc-baab-4499-8803-52e8608520ab,367,1257,Louisville,University of Louisville,NCAA MEN,NCAAM,Atlantic Coast,ACC,88368ebb-01fb-44d5-a6c6-3e7d46bb3ab7,NCAA Division I,D1,c5a8d640-5093-4044-851d-2c562e929994,b5f6d7ee-034b-4653-b6da-e0a01ed6f91a
faeb1160-5d15-4f26-99fc-c441cf21fc7f,193,1181,Duke,Duke University,NCAA MEN,NCAAM,Atlantic Coast,ACC,88368ebb-01fb-44d5-a6c6-3e7d46bb3ab7,NCAA Division I,D1,c5a8d640-5093-4044-851d-2c562e929994,c134cdf8-d1c8-4972-b4f2-8f167261eb50
4fbebf0a-e117-4a0c-8f15-c247535a2a1b,749,1448,Wake Forest,Wake Forest University,NCAA MEN,NCAAM,Atlantic Coast,ACC,88368ebb-01fb-44d5-a6c6-3e7d46bb3ab7,NCAA Division I,D1,c5a8d640-5093-4044-851d-2c562e929994,abbd0316-b3bc-4660-99bf-65b71f6a6221
8cd24de1-2be8-4b77-bcfa-47be0495a5f4,688,1393,Syracuse,Syracuse University,NCAA MEN,NCAAM,Atlantic Coast,ACC,88368ebb-01fb-44d5-a6c6-3e7d46bb3ab7,NCAA Division I,D1,c5a8d640-5093-4044-851d-2c562e929994,6cb1f33c-6e4e-47fa-b2dd-5d2c2ab03b64
80962f09-8821-48b6-8cf0-0cf0eea56aa8,513,1323,Notre Dame,University of Notre Dame,NCAA MEN,NCAAM,Atlantic Coast,ACC,88368ebb-01fb-44d5-a6c6-3e7d46bb3ab7,NCAA Division I,D1,c5a8d640-5093-4044-851d-2c562e929994,9ae1ec22-21b6-4eea-b16a-c8deb0cf612a
24051034-96bb-4f78-a3a6-312f3258780f,545,1338,Pittsburgh,University of Pittsburgh,NCAA MEN,NCAAM,Atlantic Coast,ACC,88368ebb-01fb-44d5-a6c6-3e7d46bb3ab7,NCAA Division I,D1,c5a8d640-5093-4044-851d-2c562e929994,0acc6624-ac19-4bd8-a789-3b89aa91d1f7
56913910-87f7-4ad7-ae3b-5cd9fb218fd9,746,1438,Virginia,University of Virginia,NCAA MEN,NCAAM,Atlantic Coast,ACC,88368ebb-01fb-44d5-a6c6-3e7d46bb3ab7,NCAA Division I,D1,c5a8d640-5093-4044-851d-2c562e929994,c43702e3-e8c2-4375-855e-4bbb62177738
e9ca48b2-00ba-41c0-a02b-6885a2da1ff1,457,1314,North Carolina,"University of North Carolina, Chapel Hill",NCAA MEN,NCAAM,Atlantic Coast,ACC,88368ebb-01fb-44d5-a6c6-3e7d46bb3ab7,NCAA Division I,D1,c5a8d640-5093-4044-851d-2c562e929994,5a50d887-0605-479c-b6bc-7b1077db5766
52df1e19-b142-4a76-a439-ad68455d0581,490,1301,NC State,North Carolina State University,NCAA MEN,NCAAM,Atlantic Coast,ACC,88368ebb-01fb-44d5-a6c6-3e7d46bb3ab7,NCAA Division I,D1,c5a8d640-5093-4044-851d-2c562e929994,5f1a51e1-bdd9-43a2-8743-c37f20265346
d3c8a767-b6fc-45d4-a5f2-18406f2993f1,234,1199,Florida St.,Florida State University,NCAA MEN,NCAAM,Atlantic Coast,ACC,88368ebb-01fb-44d5-a6c6-3e7d46bb3ab7,NCAA Division I,D1,c5a8d640-5093-4044-851d-2c562e929994,5d43d8e4-91c4-4a21-8e95-710762220402
324ccccc-575b-4b82-acb0-fbb8e68da13b,742,1439,Virginia Tech,Virginia Polytechnic Institute & State University,NCAA MEN,NCAAM,Atlantic Coast,ACC,88368ebb-01fb-44d5-a6c6-3e7d46bb3ab7,NCAA Division I,D1,c5a8d640-5093-4044-851d-2c562e929994,40b34ad2-d371-48eb-b6a7-b9bc58257691
4b3ff02c-e0ba-435b-a565-6075bc491684,67,1130,Boston College,Boston College,NCAA MEN,NCAAM,Atlantic Coast,ACC,88368ebb-01fb-44d5-a6c6-3e7d46bb3ab7,NCAA Division I,D1,c5a8d640-5093-4044-851d-2c562e929994,0ebba23f-cab2-443c-834f-2f47083803ad
7aec5187-cb1b-45e5-8f7d-406d766cdc73,415,1274,Miami (FL),University of Miami (Florida),NCAA MEN,NCAAM,Atlantic Coast,ACC,88368ebb-01fb-44d5-a6c6-3e7d46bb3ab7,NCAA Division I,D1,c5a8d640-5093-4044-851d-2c562e929994,ef4e49fe-ad34-43d7-afd4-a004466bf044
63a8fdcf-b51b-4de3-8a57-2a6e41d362ce,9,1412,UAB,University of Alabama at Birmingham,NCAA MEN,NCAAM,Conference USA,CUSA,6902bb03-02f7-4da4-8261-de5fd2cbd011,NCAA Division I,D1,c5a8d640-5093-4044-851d-2c562e929994,b5a34ed8-2c69-431d-9e6e-9b515e28a9ba
ce967953-5c50-4220-87b2-99acb9606e84,523,1330,Old Dominion,Old Dominion University,NCAA MEN,NCAAM,Conference USA,CUSA,6902bb03-02f7-4da4-8261-de5fd2cbd011,NCAA Division I,D1,c5a8d640-5093-4044-851d-2c562e929994,22069305-c1fd-4501-88a4-1153ac81bb09
8ddbfca9-a931-4908-aa31-9fcd17624b5f,458,1150,Charlotte,"University of North Carolina, Charlotte",NCAA MEN,NCAAM,Conference USA,CUSA,6902bb03-02f7-4da4-8261-de5fd2cbd011,NCAA Division I,D1,c5a8d640-5093-4044-851d-2c562e929994,70570fc0-9b6f-41e8-9ad1-2c6cb70af493
6120ac5d-e0f2-4b28-9e6f-ee71596a7e88,664,1379,Southern Miss.,University of Southern Mississippi,NCAA MEN,NCAAM,Conference USA,CUSA,6902bb03-02f7-4da4-8261-de5fd2cbd011,NCAA Division I,D1,c5a8d640-5093-4044-851d-2c562e929994,cbd9a89f-577a-46b7-99e0-b2cb310533e5
881380da-861c-4ab6-a7d2-20699d8ea883,772,1443,Western Ky.,Western Kentucky University,NCAA MEN,NCAAM,Conference USA,CUSA,6902bb03-02f7-4da4-8261-de5fd2cbd011,NCAA Division I,D1,c5a8d640-5093-4044-851d-2c562e929994,402880b9-2e4d-43e9-860a-791e54c8abda
bb384635-c3a0-459a-8f13-fcd7177313e5,574,1349,Rice,Rice University,NCAA MEN,NCAAM,Conference USA,CUSA,6902bb03-02f7-4da4-8261-de5fd2cbd011,NCAA Division I,D1,c5a8d640-5093-4044-851d-2c562e929994,0a6fb297-ee48-47bb-a7a4-335750c3c452
c851131a-5ecd-4670-81bc-b40f4837dd65,229,1194,Fla. Atlantic,Florida Atlantic University,NCAA MEN,NCAAM,Conference USA,CUSA,6902bb03-02f7-4da4-8261-de5fd2cbd011,NCAA Division I,D1,c5a8d640-5093-4044-851d-2c562e929994,e2ea8c75-958d-4559-8526-37cba6508073
06d15d35-4955-4fdd-83d9-32d24dbd795b,704,1431,UTEP,University of Texas at El Paso,NCAA MEN,NCAAM,Conference USA,CUSA,6902bb03-02f7-4da4-8261-de5fd2cbd011,NCAA Division I,D1,c5a8d640-5093-4044-851d-2c562e929994,2b451e94-5eee-4fc7-959a-4ef7e5dac561
58d8baa3-7624-4b21-a47f-a23df2bf8859,388,1267,Marshall,Marshall University,NCAA MEN,NCAAM,Conference USA,CUSA,6902bb03-02f7-4da4-8261-de5fd2cbd011,NCAA Division I,D1,c5a8d640-5093-4044-851d-2c562e929994,a9ed84bc-3680-4247-b4ca-01cd01cd847c
953151f2-1e42-4cb0-a99e-202493a64dcf,706,1427,UTSA,University of Texas at San Antonio,NCAA MEN,NCAAM,Conference USA,CUSA,6902bb03-02f7-4da4-8261-de5fd2cbd011,NCAA Division I,D1,c5a8d640-5093-4044-851d-2c562e929994,40f79a47-0962-487c-90ea-96b57df86fa6
3d2f0819-8f3b-4ff3-afd6-6227c469a751,419,1292,Middle Tenn.,Middle Tennessee State University,NCAA MEN,NCAAM,Conference USA,CUSA,6902bb03-02f7-4da4-8261-de5fd2cbd011,NCAA Division I,D1,c5a8d640-5093-4044-851d-2c562e929994,12d526ed-1fbf-4caf-bdf4-f4fceeb95d31
10f450ce-143b-4e46-8bfe-52c644b68b07,497,1317,North Texas,University of North Texas,NCAA MEN,NCAAM,Conference USA,CUSA,6902bb03-02f7-4da4-8261-de5fd2cbd011,NCAA Division I,D1,c5a8d640-5093-4044-851d-2c562e929994,3e7d76a6-5c53-463a-82fd-a35e6395c2bd
a8ac24ca-3b7a-4610-ad99-042661584c48,231,1198,FIU,Florida International University,NCAA MEN,NCAAM,Conference USA,CUSA,6902bb03-02f7-4da4-8261-de5fd2cbd011,NCAA Division I,D1,c5a8d640-5093-4044-851d-2c562e929994,6db7f60d-da7a-46df-8da3-28c8836dffd4
8ff733a9-9f93-46de-ba7e-cf6f7e429670,366,1256,Louisiana Tech,Louisiana Tech University,NCAA MEN,NCAAM,Conference USA,CUSA,6902bb03-02f7-4da4-8261-de5fd2cbd011,NCAA Division I,D1,c5a8d640-5093-4044-851d-2c562e929994,1ab1ee39-1e10-410b-b7fd-2f93c1d86216
31aedd91-a77e-46c1-8bdc-80e9860c159d,285,1221,Holy Cross,College of the Holy Cross,NCAA MEN,NCAAM,Patriot League,PATRIOT,88acc3d7-e5a1-4751-864e-606223943a62,NCAA Division I,D1,c5a8d640-5093-4044-851d-2c562e929994,c2c35d7b-ae49-407c-8e41-c2e87cd637f6
6dfaf0ba-47c4-4e05-b0a7-72734747d48f,725,1119,Army West Point,U.S. Military Academy,NCAA MEN,NCAAM,Patriot League,PATRIOT,88acc3d7-e5a1-4751-864e-606223943a62,NCAA Division I,D1,c5a8d640-5093-4044-851d-2c562e929994,ded3a083-3b90-4ba9-9b2f-412b32dd5739
6af02334-9ac3-452f-bcf4-20abdb72bd07,342,1248,Lafayette,Lafayette College,NCAA MEN,NCAAM,Patriot League,PATRIOT,88acc3d7-e5a1-4751-864e-606223943a62,NCAA Division I,D1,c5a8d640-5093-4044-851d-2c562e929994,f67a7f90-45b6-44eb-9328-8a4c310ce9f9
de9a0e19-b83c-4b98-a6da-81c110cb364b,68,1131,Boston U.,Boston University,NCAA MEN,NCAAM,Patriot League,PATRIOT,88acc3d7-e5a1-4751-864e-606223943a62,NCAA Division I,D1,c5a8d640-5093-4044-851d-2c562e929994,2799264b-2168-4d24-b9e9-5ba62045f3ae
3b088563-ca8a-49a6-9e19-5e4cb186ae1d,726,1298,Navy,U.S. Naval Academy,NCAA MEN,NCAAM,Patriot League,PATRIOT,88acc3d7-e5a1-4751-864e-606223943a62,NCAA Division I,D1,c5a8d640-5093-4044-851d-2c562e929994,ebab996a-c80b-429c-a415-1b23075c2cc5
80a19b57-d6ab-4bee-934f-33a72c2e958a,153,1159,Colgate,Colgate University,NCAA MEN,NCAAM,Patriot League,PATRIOT,88acc3d7-e5a1-4751-864e-606223943a62,NCAA Division I,D1,c5a8d640-5093-4044-851d-2c562e929994,413f618d-17f0-405a-a531-65034a88ab6d
2f513e67-f019-4eec-9096-fbc5911858b6,23,1110,American,American University,NCAA MEN,NCAAM,Patriot League,PATRIOT,88acc3d7-e5a1-4751-864e-606223943a62,NCAA Division I,D1,c5a8d640-5093-4044-851d-2c562e929994,ee9907e1-2d1e-4170-bb29-6d98b38072da
175d34a7-3823-4e4f-9f11-2464f55360b8,369,1259,Loyola Maryland,Loyola University Maryland,NCAA MEN,NCAAM,Patriot League,PATRIOT,88acc3d7-e5a1-4751-864e-606223943a62,NCAA Division I,D1,c5a8d640-5093-4044-851d-2c562e929994,d570bcc8-ad0b-4e2e-be87-cf32ea773846
508f503f-dc57-4f4c-a01e-4f195e5c05c8,352,1250,Lehigh,Lehigh University,NCAA MEN,NCAAM,Patriot League,PATRIOT,88acc3d7-e5a1-4751-864e-606223943a62,NCAA Division I,D1,c5a8d640-5093-4044-851d-2c562e929994,7f83e6f9-fc09-437b-b4ec-a9b2121ac613
98d2123a-c7b9-4b5f-8a81-43f76d8537dc,83,1137,Bucknell,Bucknell University,NCAA MEN,NCAAM,Patriot League,PATRIOT,88acc3d7-e5a1-4751-864e-606223943a62,NCAA Division I,D1,c5a8d640-5093-4044-851d-2c562e929994,a1615d9e-c1dd-4ffc-abf1-3357f3111014
df3da9d7-2d2b-44e2-99e2-08c4945a203b,735,1434,Valparaiso,Valparaiso University,NCAA MEN,NCAAM,Missouri Valley,MVC,1d9219c1-696c-42a2-b1be-e8b438795521,NCAA Division I,D1,c5a8d640-5093-4044-851d-2c562e929994,295e1a3c-40a5-40d6-a95a-888e896598f5
b47d10b8-a2a5-47df-a2f9-7bd0b9d51beb,72,1133,Bradley,Bradley University,NCAA MEN,NCAAM,Missouri Valley,MVC,1d9219c1-696c-42a2-b1be-e8b438795521,NCAA Division I,D1,c5a8d640-5093-4044-851d-2c562e929994,28a75ff0-62ef-4f4d-befc-927a100fb7f8
2a997096-a381-469d-a7e9-9e031c8b071c,305,1232,Indiana St.,Indiana State University,NCAA MEN,NCAAM,Missouri Valley,MVC,1d9219c1-696c-42a2-b1be-e8b438795521,NCAA Division I,D1,c5a8d640-5093-4044-851d-2c562e929994,a3e5c367-dc92-4b58-b9be-a3b7de0187f8
7cdfcf92-7fe7-46f1-9b66-6912114182e6,659,1356,Southern Ill.,Southern Illinois University at Carbondale,NCAA MEN,NCAAM,Missouri Valley,MVC,1d9219c1-696c-42a2-b1be-e8b438795521,NCAA Division I,D1,c5a8d640-5093-4044-851d-2c562e929994,45bdb06a-4b54-4c49-bc72-853dc414591d
509aacc4-c121-46a2-800a-d5431ef181d2,299,1229,Illinois St.,Illinois State University,NCAA MEN,NCAAM,Missouri Valley,MVC,1d9219c1-696c-42a2-b1be-e8b438795521,NCAA Division I,D1,c5a8d640-5093-4044-851d-2c562e929994,130c58f1-bad3-4dcb-8d87-9d9dc44ca5ea
aed211c3-23a4-4188-ad70-22c6eba7d765,189,1179,Drake,Drake University,NCAA MEN,NCAAM,Missouri Valley,MVC,1d9219c1-696c-42a2-b1be-e8b438795521,NCAA Division I,D1,c5a8d640-5093-4044-851d-2c562e929994,ad32e921-33cd-43fd-8057-c50dfd97ccb2
b83de2df-328f-4303-9895-cdff048fb1ed,669,1283,Missouri St.,Missouri State University,NCAA MEN,NCAAM,Missouri Valley,MVC,1d9219c1-696c-42a2-b1be-e8b438795521,NCAA Division I,D1,c5a8d640-5093-4044-851d-2c562e929994,a77c0fda-7b57-4b36-80f0-6a8d96b7645f
d8217105-e9c2-4267-9538-3aaeea1ae167,219,1191,Evansville,University of Evansville,NCAA MEN,NCAAM,Missouri Valley,MVC,1d9219c1-696c-42a2-b1be-e8b438795521,NCAA Division I,D1,c5a8d640-5093-4044-851d-2c562e929994,a5d0d6e1-2690-44ba-9dac-0ca68d33b8cb
61a3908a-7492-4b6f-809e-12c61976bb0a,371,1260,Loyola Chicago,Loyola University (Illinois),NCAA MEN,NCAAM,Missouri Valley,MVC,1d9219c1-696c-42a2-b1be-e8b438795521,NCAA Division I,D1,c5a8d640-5093-4044-851d-2c562e929994,f20553bf-ea9a-4b02-8bc3-0ecb16deaa02
2c93a75d-5449-4ec1-9ca2-1e6c812399a4,504,1320,UNI,University of Northern Iowa,NCAA MEN,NCAAM,Missouri Valley,MVC,1d9219c1-696c-42a2-b1be-e8b438795521,NCAA Division I,D1,c5a8d640-5093-4044-851d-2c562e929994,722a99c4-5041-4f9d-a898-61d377f7c8c2
92456e1e-f48c-4385-96ab-14cb27d18726,536,1410,UTRGV,"University of Texas, Pan American",NCAA MEN,NCAAM,Western Athletic,WAC,7265822b-247a-4991-ae8c-0e6f33f6122b,NCAA Division I,D1,c5a8d640-5093-4044-851d-2c562e929994,f2b44afd-a410-4a87-800b-e53f9339b03d
820c8f26-cf11-4997-b2e2-19f47bd2f72f,2707,1282,UMKC,University of Missouri-Kansas City,NCAA MEN,NCAAM,Western Athletic,WAC,7265822b-247a-4991-ae8c-0e6f33f6122b,NCAA Division I,D1,c5a8d640-5093-4044-851d-2c562e929994,9f9d2ee5-66c8-4fb2-806f-18d6db420b43
5016fe1a-9571-4d10-bf5b-b9c1b496bd57,472,1308,New Mexico St.,New Mexico State University,NCAA MEN,NCAAM,Western Athletic,WAC,7265822b-247a-4991-ae8c-0e6f33f6122b,NCAA Division I,D1,c5a8d640-5093-4044-851d-2c562e929994,737ae60d-b84c-4f0b-a310-1f2538258d55
2da57857-b038-4ad3-8199-e3fb339f57d2,94,1167,CSU Bakersfield,"California State University, Bakersfield",NCAA MEN,NCAAM,Western Athletic,WAC,7265822b-247a-4991-ae8c-0e6f33f6122b,NCAA Division I,D1,c5a8d640-5093-4044-851d-2c562e929994,41c85b92-c4a6-4967-9d27-579d67cda2eb
4200f37c-86e0-413e-a5c4-e5edf1e272e7,30024,1430,Utah Valley,Utah Valley University,NCAA MEN,NCAAM,Western Athletic,WAC,7265822b-247a-4991-ae8c-0e6f33f6122b,NCAA Division I,D1,c5a8d640-5093-4044-851d-2c562e929994,d3668215-47f0-4f1a-993b-de4e683c28ae
7e100f63-0b32-49f6-a954-f5b7c8cf48ad,1356,1370,Seattle U,Seattle University,NCAA MEN,NCAAM,Western Athletic,WAC,7265822b-247a-4991-ae8c-0e6f33f6122b,NCAA Division I,D1,c5a8d640-5093-4044-851d-2c562e929994,1ed647ac-63f1-4dab-bca8-c192d96b33c6
2f8c85a7-54f4-4942-be16-2cbac77c82d7,136,1152,Chicago St.,Chicago State University,NCAA MEN,NCAAM,Western Athletic,WAC,7265822b-247a-4991-ae8c-0e6f33f6122b,NCAA Division I,D1,c5a8d640-5093-4044-851d-2c562e929994,89e1ee55-6768-4c3f-bdc0-c4bb4ed60438
f7e6acc3-0778-4de5-940a-d88e20df1159,1104,1213,Grand Canyon,Grand Canyon University,NCAA MEN,NCAAM,Western Athletic,WAC,7265822b-247a-4991-ae8c-0e6f33f6122b,NCAA Division I,D1,c5a8d640-5093-4044-851d-2c562e929994,fc452f03-c8cb-4471-9566-753b54e70725
a17dfc54-415f-49c3-a2e6-d6fa9db18b0a,140,1153,Cincinnati,University of Cincinnati,NCAA MEN,NCAAM,American Athletic,AAC,3b6a48d8-1f9c-484f-8ed0-ef0a540a0efe,NCAA Division I,D1,c5a8d640-5093-4044-851d-2c562e929994,8a3bf667-65e2-4b7e-809f-8d8befcd8f25
55af9c69-3675-4b9b-a882-96640b782fff,651,1378,South Fla.,University of South Florida,NCAA MEN,NCAAM,American Athletic,AAC,3b6a48d8-1f9c-484f-8ed0-ef0a540a0efe,NCAA Division I,D1,c5a8d640-5093-4044-851d-2c562e929994,c73ec71f-c7d7-44e2-8742-33dca785ab2f
1551b3a0-6d10-4ffa-8dfa-73b56f004553,404,1272,Memphis,University of Memphis,NCAA MEN,NCAAM,American Athletic,AAC,3b6a48d8-1f9c-484f-8ed0-ef0a540a0efe,NCAA Division I,D1,c5a8d640-5093-4044-851d-2c562e929994,7657c204-a20b-527a-99cb-dc29218462aa
8598d1b6-106b-4083-a512-2e495729525a,690,1396,Temple,Temple University,NCAA MEN,NCAAM,American Athletic,AAC,3b6a48d8-1f9c-484f-8ed0-ef0a540a0efe,NCAA Division I,D1,c5a8d640-5093-4044-851d-2c562e929994,c1d792b1-beb9-492a-a6af-a458c6de58e3
a601205f-3bfe-4052-ac0b-b8f18cf3efd3,196,1187,East Carolina,East Carolina University,NCAA MEN,NCAAM,American Athletic,AAC,3b6a48d8-1f9c-484f-8ed0-ef0a540a0efe,NCAA Division I,D1,c5a8d640-5093-4044-851d-2c562e929994,30510c1f-8500-48eb-8f90-7cdd70ce55fb
1f99a164-d593-4d81-85d5-0d7889d6f486,288,1222,Houston,University of Houston,NCAA MEN,NCAAM,American Athletic,AAC,3b6a48d8-1f9c-484f-8ed0-ef0a540a0efe,NCAA Division I,D1,c5a8d640-5093-4044-851d-2c562e929994,eb7398c8-d320-48b7-ae56-08fa47bd33f9
efba5350-79bc-47aa-a189-db177b95b491,164,1163,UConn,University of Connecticut,NCAA MEN,NCAAM,American Athletic,AAC,3b6a48d8-1f9c-484f-8ed0-ef0a540a0efe,NCAA Division I,D1,c5a8d640-5093-4044-851d-2c562e929994,5754d0d6-6caf-4083-a1e4-267b2df97f60
f38b58de-3273-4723-a78b-2f918e9aa2d5,782,1455,Wichita St.,Wichita State University,NCAA MEN,NCAAM,American Athletic,AAC,3b6a48d8-1f9c-484f-8ed0-ef0a540a0efe,NCAA Division I,D1,c5a8d640-5093-4044-851d-2c562e929994,0ec88fc4-f268-44b2-9ed7-1c74ebbe15af
3f4515ea-4472-46b9-ac9e-16d7d8f22a38,663,1374,SMU,Southern Methodist University,NCAA MEN,NCAAM,American Athletic,AAC,3b6a48d8-1f9c-484f-8ed0-ef0a540a0efe,NCAA Division I,D1,c5a8d640-5093-4044-851d-2c562e929994,99e88586-1675-4898-b385-3b4e2ded569e
054c3e85-0552-4549-b123-7e84af6e7b6c,128,1416,UCF,University of Central Florida,NCAA MEN,NCAAM,American Athletic,AAC,3b6a48d8-1f9c-484f-8ed0-ef0a540a0efe,NCAA Division I,D1,c5a8d640-5093-4044-851d-2c562e929994,c76914a3-7d54-4d6e-be85-cd6ccc69da47
2959bd24-7007-41ae-a3a3-abdf26888cfc,719,1409,Tulsa,University of Tulsa,NCAA MEN,NCAAM,American Athletic,AAC,3b6a48d8-1f9c-484f-8ed0-ef0a540a0efe,NCAA Division I,D1,c5a8d640-5093-4044-851d-2c562e929994,064ff4b5-c041-4221-9f7b-b23b740d57f7
399ad7fb-de60-45a6-a71f-d26e00f1a4ec,718,1408,Tulane,Tulane University,NCAA MEN,NCAAM,American Athletic,AAC,3b6a48d8-1f9c-484f-8ed0-ef0a540a0efe,NCAA Division I,D1,c5a8d640-5093-4044-851d-2c562e929994,6653af89-47ba-4421-8dbb-154f04c3b25e
e4c315a0-e83f-4d14-856e-34a0463059e3,489,1300,N.C. Central,North Carolina Central University,NCAA MEN,NCAAM,Mid Eastern Athletic,MEAC,852139a9-389c-4eca-9760-ec13f014ca8d,NCAA Division I,D1,c5a8d640-5093-4044-851d-2c562e929994,90a9b5f6-70ef-4cbe-848d-7be05be3cf80
a44f8c85-7ab6-4a4e-b6f1-c69a4cabe1ed,647,1354,South Carolina St.,South Carolina State University,NCAA MEN,NCAAM,Mid Eastern Athletic,MEAC,852139a9-389c-4eca-9760-ec13f014ca8d,NCAA Division I,D1,c5a8d640-5093-4044-851d-2c562e929994,b8227a4f-ecda-4339-8772-d9da08236254
3eacc387-0ad8-4c5e-a666-c8ab447d224f,632,1366,Savannah St.,Savannah State University,NCAA MEN,NCAAM,Mid Eastern Athletic,MEAC,852139a9-389c-4eca-9760-ec13f014ca8d,NCAA Division I,D1,c5a8d640-5093-4044-851d-2c562e929994,01f94951-45ef-4a15-bb87-ad020b4717a6
a8f75c12-c4db-401f-99e3-b48209d85274,485,1313,Norfolk St.,Norfolk State University,NCAA MEN,NCAAM,Mid Eastern Athletic,MEAC,852139a9-389c-4eca-9760-ec13f014ca8d,NCAA Division I,D1,c5a8d640-5093-4044-851d-2c562e929994,c6d469de-cf8e-4b38-8213-15b28df665d6
ffa04cde-aa2d-4e91-b2cd-bde2bfed44de,178,1175,Delaware St.,Delaware State University,NCAA MEN,NCAAM,Mid Eastern Athletic,MEAC,852139a9-389c-4eca-9760-ec13f014ca8d,NCAA Division I,D1,c5a8d640-5093-4044-851d-2c562e929994,d6a41efd-92ef-4c0d-8440-a0e4408d713e
22fbe5dc-c6db-4675-b3a3-2d8af7f5d313,290,1224,Howard,Howard University,NCAA MEN,NCAAM,Mid Eastern Athletic,MEAC,852139a9-389c-4eca-9760-ec13f014ca8d,NCAA Division I,D1,c5a8d640-5093-4044-851d-2c562e929994,5e4b2cce-dd8c-4389-a13a-8b9a382387bc
0796c3b6-5308-4aa0-8fdc-c65d39b043c6,61,1126,Bethune-Cookman,Bethune-Cookman University,NCAA MEN,NCAAM,Mid Eastern Athletic,MEAC,852139a9-389c-4eca-9760-ec13f014ca8d,NCAA Division I,D1,c5a8d640-5093-4044-851d-2c562e929994,87898338-017b-4225-a034-43835fd7f6b5
576b816b-5b9a-4768-a62b-f8435a8272c2,446,1288,Morgan St.,Morgan State University,NCAA MEN,NCAAM,Mid Eastern Athletic,MEAC,852139a9-389c-4eca-9760-ec13f014ca8d,NCAA Division I,D1,c5a8d640-5093-4044-851d-2c562e929994,f9c9e040-125f-4094-896b-eba89855fcb6
53aaac6a-796e-41a6-a04e-6ce74c5717f8,488,1299,N.C. A&T,North Carolina A&T State University,NCAA MEN,NCAAM,Mid Eastern Athletic,MEAC,852139a9-389c-4eca-9760-ec13f014ca8d,NCAA Division I,D1,c5a8d640-5093-4044-851d-2c562e929994,8d6c6cbf-919b-4bd4-9ce1-0326f33c1d66
d20216d8-161c-46e3-b8d2-92208ddf5acf,393,1271,UMES,"University of Maryland, Eastern Shore",NCAA MEN,NCAAM,Mid Eastern Athletic,MEAC,852139a9-389c-4eca-9760-ec13f014ca8d,NCAA Division I,D1,c5a8d640-5093-4044-851d-2c562e929994,ae914cd0-770c-44d3-817d-697556717898
5f9a90a2-3926-404e-8c8a-d9f22ad6907d,165,1164,Coppin St.,Coppin State University,NCAA MEN,NCAAM,Mid Eastern Athletic,MEAC,852139a9-389c-4eca-9760-ec13f014ca8d,NCAA Division I,D1,c5a8d640-5093-4044-851d-2c562e929994,ef2ed392-fb1b-42b7-9895-0a12f908e63e
cec2527e-5e1e-4817-a628-35666ef13b6e,228,1197,Florida A&M,Florida A&M University,NCAA MEN,NCAAM,Mid Eastern Athletic,MEAC,852139a9-389c-4eca-9760-ec13f014ca8d,NCAA Division I,D1,c5a8d640-5093-4044-851d-2c562e929994,f93c463c-1ebd-4232-96b3-60cc9f483539
161354af-1f3e-4d58-88f7-e016ec74b7b6,270,1214,Hampton,Hampton University,NCAA MEN,NCAAM,Mid Eastern Athletic,MEAC,852139a9-389c-4eca-9760-ec13f014ca8d,NCAA Division I,D1,c5a8d640-5093-4044-851d-2c562e929994,70a11e03-dbdd-40ec-8856-9c3c1f07d917
c444e03b-d16b-48b2-9b18-823c2647d41d,314,1238,Jackson St.,Jackson State University,NCAA MEN,NCAAM,Southwestern Athletic,SWAC,7be69d78-bd13-4bfa-ae33-a6e48131a28f,NCAA Division I,D1,c5a8d640-5093-4044-851d-2c562e929994,e28afaa2-23e8-4139-bebd-51f01828b4cb
949c3398-85e4-4c63-ba71-9a82e06ddea4,6,1105,Alabama A&M,Alabama A&M University,NCAA MEN,NCAAM,Southwestern Athletic,SWAC,7be69d78-bd13-4bfa-ae33-a6e48131a28f,NCAA Division I,D1,c5a8d640-5093-4044-851d-2c562e929994,2f12ffa0-432f-4147-810f-1baccff6d116
1bddc811-44cf-4e53-b4ab-11c8dc82c9de,17,1108,Alcorn,Alcorn State University,NCAA MEN,NCAAM,Southwestern Athletic,SWAC,7be69d78-bd13-4bfa-ae33-a6e48131a28f,NCAA Division I,D1,c5a8d640-5093-4044-851d-2c562e929994,f23ac131-4440-422f-914c-7f39b0c8db48
5873529e-e5e3-4a06-8a03-fa4cbe509880,432,1290,Mississippi Val.,Mississippi Valley State University,NCAA MEN,NCAAM,Southwestern Athletic,SWAC,7be69d78-bd13-4bfa-ae33-a6e48131a28f,NCAA Division I,D1,c5a8d640-5093-4044-851d-2c562e929994,f191ce99-dffa-4623-a5fa-326a55bdb1e7
6776c7e6-f4c2-47bd-99e5-39fc179a3197,261,1212,Grambling,Grambling State University,NCAA MEN,NCAAM,Southwestern Athletic,SWAC,7be69d78-bd13-4bfa-ae33-a6e48131a28f,NCAA Division I,D1,c5a8d640-5093-4044-851d-2c562e929994,de074131-0d69-4fff-b8cb-4b006c6c92ac
a3b13d27-ec14-4a7d-88a2-0bc9f7b58984,665,1380,Southern U.,"Southern University, Baton Rouge",NCAA MEN,NCAAM,Southwestern Athletic,SWAC,7be69d78-bd13-4bfa-ae33-a6e48131a28f,NCAA Division I,D1,c5a8d640-5093-4044-851d-2c562e929994,60129c5d-721b-4ab3-9d6e-8a0123ad46b3
1394dd8a-040e-4509-9ee3-761d60eaf6c9,2678,1115,Ark.-Pine Bluff,"University of Arkansas, Pine Bluff",NCAA MEN,NCAAM,Southwestern Athletic,SWAC,7be69d78-bd13-4bfa-ae33-a6e48131a28f,NCAA Division I,D1,c5a8d640-5093-4044-851d-2c562e929994,c652d52c-d787-4a99-b50d-546c3a8b8b60
91ec9ba2-12e5-4a75-9410-a166c82163fd,553,1341,Prairie View,Prairie View A&M University,NCAA MEN,NCAAM,Southwestern Athletic,SWAC,7be69d78-bd13-4bfa-ae33-a6e48131a28f,NCAA Division I,D1,c5a8d640-5093-4044-851d-2c562e929994,9631f0ff-7dbd-4c3f-8b66-d1e5fe765df4
267d417a-8f85-4c87-a15a-068c089a74c6,7,1106,Alabama St.,Alabama State University,NCAA MEN,NCAAM,Southwestern Athletic,SWAC,7be69d78-bd13-4bfa-ae33-a6e48131a28f,NCAA Division I,D1,c5a8d640-5093-4044-851d-2c562e929994,70869d17-505b-40dd-b7da-392fa823e9fe
eb157f98-0697-459c-9293-ddb162ceb28b,699,1411,Texas Southern,Texas Southern University,NCAA MEN,NCAAM,Southwestern Athletic,SWAC,7be69d78-bd13-4bfa-ae33-a6e48131a28f,NCAA Division I,D1,c5a8d640-5093-4044-851d-2c562e929994,eb7398c8-d320-48b7-ae56-08fa47bd33f9
255c2a87-40c0-4989-bbb9-d286aac5d28e,310,1233,Iona,Iona College,NCAA MEN,NCAAM,Metro Atlantic Athletic,MAAC,ec86f5b1-17c7-470f-9bcd-b86f61b76945,NCAA Division I,D1,c5a8d640-5093-4044-851d-2c562e929994,8b1910ef-0f71-4844-89d3-9611227c2a46
0113eea0-c943-4fff-9780-ae0fb099e7ef,116,1145,Canisius,Canisius College,NCAA MEN,NCAAM,Metro Atlantic Athletic,MAAC,ec86f5b1-17c7-470f-9bcd-b86f61b76945,NCAA Division I,D1,c5a8d640-5093-4044-851d-2c562e929994,18b201ed-ef8c-4ea2-8cb3-4a48edd14bba
7a270923-01d6-4a6f-a93e-e8786266d502,381,1264,Manhattan,Manhattan College,NCAA MEN,NCAAM,Metro Atlantic Athletic,MAAC,ec86f5b1-17c7-470f-9bcd-b86f61b76945,NCAA Division I,D1,c5a8d640-5093-4044-851d-2c562e929994,00fb9be2-49e7-4a66-a7a4-2140d3ce73c3
aba39ad0-6d9f-4946-bf7e-5c63bf966ce6,639,1373,Siena,Siena College,NCAA MEN,NCAAM,Metro Atlantic Athletic,MAAC,ec86f5b1-17c7-470f-9bcd-b86f61b76945,NCAA Division I,D1,c5a8d640-5093-4044-851d-2c562e929994,ce4a1f4a-e031-4804-bdf6-3b8bb37d02ab
6a8d2a24-2128-47a0-913f-3d29e9d6592c,562,1346,Quinnipiac,Quinnipiac University,NCAA MEN,NCAAM,Metro Atlantic Athletic,MAAC,ec86f5b1-17c7-470f-9bcd-b86f61b76945,NCAA Division I,D1,c5a8d640-5093-4044-851d-2c562e929994,fe52587b-4a52-42dd-9364-c20be83c05d6
15d31915-fbd6-4ae3-8e4b-f3b563c56a18,386,1265,Marist,Marist College,NCAA MEN,NCAAM,Metro Atlantic Athletic,MAAC,ec86f5b1-17c7-470f-9bcd-b86f61b76945,NCAA Division I,D1,c5a8d640-5093-4044-851d-2c562e929994,c23f3f79-7a0b-4e33-b87f-fee312a972cf
0b73b9b9-1e29-4b14-b5d8-0405fe942e32,576,1351,Rider,Rider University,NCAA MEN,NCAAM,Metro Atlantic Athletic,MAAC,ec86f5b1-17c7-470f-9bcd-b86f61b76945,NCAA Division I,D1,c5a8d640-5093-4044-851d-2c562e929994,9df96001-1c74-402a-9f2d-80e5831d6bb0
a381465b-4530-4a00-a50c-5253cd7695a0,220,1193,Fairfield,Fairfield University,NCAA MEN,NCAAM,Metro Atlantic Athletic,MAAC,ec86f5b1-17c7-470f-9bcd-b86f61b76945,NCAA Division I,D1,c5a8d640-5093-4044-851d-2c562e929994,9a191704-05c3-45d8-861b-1e29d15a627e
e66d7ed2-9b4c-48c8-adaa-a276793b057d,617,1389,Saint Peter's,St. Peter's College,NCAA MEN,NCAAM,Metro Atlantic Athletic,MAAC,ec86f5b1-17c7-470f-9bcd-b86f61b76945,NCAA Division I,D1,c5a8d640-5093-4044-851d-2c562e929994,4321dd88-cd20-4c62-b0fe-1c4e9a228243
3db7336c-c18a-441b-912e-e2a4408f12ea,439,1284,Monmouth,Monmouth University,NCAA MEN,NCAAM,Metro Atlantic Athletic,MAAC,ec86f5b1-17c7-470f-9bcd-b86f61b76945,NCAA Division I,D1,c5a8d640-5093-4044-851d-2c562e929994,23e75afd-3b2a-47ae-a65b-b09b2f6804be
f7575278-12ec-494a-b544-427c1759d43d,482,1310,Niagara,Niagara University,NCAA MEN,NCAAM,Metro Atlantic Athletic,MAAC,ec86f5b1-17c7-470f-9bcd-b86f61b76945,NCAA Division I,D1,c5a8d640-5093-4044-851d-2c562e929994,d6040be3-ec2f-4fb7-9b4d-0e958e878c73
